직군 정보,company_kind,mid_company_kind,big_company_kind
,합금철제조업,금속·재료·철강·요업,제조·화학
,전자집적회로제조업,전기·전자·제어,제조·화학
,기체연료관련제품도매업,유통·무역·상사,판매∙유통
,항구해상터미널운영업,호텔·여행·항공,서비스업
,지주회사,기타금융,은행·금융업
,호텔업,호텔·여행·항공,서비스업
,종합스포츠시설운영업,레저·스포츠·여가,서비스업
,남자용겉옷제조업,섬유·의류·패션,제조·화학
,지주회사,기타금융,은행·금융업
,경영컨설팅업,연구소·컨설팅·조사,기관∙협회
,스포츠클럽운영업,레저·스포츠·여가,서비스업
,지주회사,기타금융,은행·금융업
,상품종합도매업,유통·무역·상사,판매∙유통
,기술직업훈련학원,전문·기능학원,교육업
,과실류도매업,유통·무역·상사,판매∙유통
,상품종합도매업,유통·무역·상사,판매∙유통
,가공공작기계제조업,기계·설비·자동차,제조·화학
,빵류제조업,식품가공·개발,제조·화학
,상품종합도매업,유통·무역·상사,판매∙유통
,금속가공제품제조업,금속·재료·철강·요업,제조·화학
,도금착색표면처리강재제조업,금속·재료·철강·요업,제조·화학
,원양어업,농업·어업·광업·임업,제조·화학
,전문도매업,유통·무역·상사,판매∙유통
,금속제품도매업,유통·무역·상사,판매∙유통
,합성수지선건조업,조선·항공·우주,제조·화학
,도금착색표면처리강재제조업,금속·재료·철강·요업,제조·화학
,사행시설관리운영업,시설관리·경비·용역,서비스업
,생수생산업,식품가공·개발,제조·화학
,도축업,농업·어업·광업·임업,제조·화학
,의약품도매업,유통·무역·상사,판매∙유통
,완제의약품제조업,제약·보건·바이오,의료·제약·복지
,스포츠서비스업,레저·스포츠·여가,서비스업
,주거용건물개발공급업,건설·건축·토목·시공,건설업
,시장조사여론조사업,연구소·컨설팅·조사,기관∙협회
,선박구성부분품제조업,조선·항공·우주,제조·화학
,도금착색표면처리강재제조업,금속·재료·철강·요업,제조·화학
,육류도매업,유통·무역·상사,판매∙유통
,시내버스운송업,운송·운수·물류,판매∙유통
,사무상업용공공기관용건물건설업,건설·건축·토목·시공,건설업
,부동산개발공급업,건설·건축·토목·시공,건설업
,의약품도매업,유통·무역·상사,판매∙유통
,연탄석탄가공품제조업,석유·화학·에너지,제조·화학
,토공사업,건설·건축·토목·시공,건설업
,가정용비전기식조리난방기구제조업,생활용품·소비재·사무,제조·화학
,연료용가스제조배관공급업,기계·설비·자동차,제조·화학
,주류도매업,유통·무역·상사,판매∙유통
,가정용비전기식조리난방기구제조업,생활용품·소비재·사무,제조·화학
,건물토목엔지니어링서비스업,건설·건축·토목·시공,건설업
,석유정제물재처리업,석유·화학·에너지,제조·화학
,내화요업제품제조업,금속·재료·철강·요업,제조·화학
,지주회사,기타금융,은행·금융업
,방적업,섬유·의류·패션,제조·화학
,의약용화합물항생물질제조업,제약·보건·바이오,제조·화학
,화학물질화학제품도매업,유통·무역·상사,판매∙유통
,화학물질화학제품도매업,유통·무역·상사,판매∙유통
,자동차용신품조향장치현가장치제조업,기계·설비·자동차,제조·화학
,절연선케이블제조업,전기·전자·제어,제조·화학
,낙농품식물성유지도매업,유통·무역·상사,판매∙유통
,부동산업,부동산·임대·중개,건설업
,사업시설유지관리서비스업,시설관리·경비·용역,서비스업
,건물토목엔지니어링서비스업,건설·건축·토목·시공,건설업
,양계업,농업·어업·광업·임업,제조·화학
,알루미늄압연압출연신제품제조업,금속·재료·철강·요업,제조·화학
,통관대리관련서비스업,호텔·여행·항공,서비스업
,시계귀금속제품도매업,유통·무역·상사,판매∙유통
,경영컨설팅업,연구소·컨설팅·조사,기관∙협회
,탁주약주제조업,식품가공·개발,제조·화학
,게임소프트웨어개발공급업,게임,IT·웹·통신
,골프장운영업,레저·스포츠·여가,서비스업
,통신판매업,판매,판매∙유통
,태양력발전업,석유·화학·에너지,제조·화학
,사무지원서비스업,기타서비스업,서비스업
,토목시설물건설업,건설·건축·토목·시공,건설업
,백화점,판매,판매∙유통
,신문발행업,출판·인쇄·사진,미디어·디자인
,서적신문잡지류소매업,판매,판매∙유통
,방문판매업,판매,판매∙유통
,일반서적출판업,출판·인쇄·사진,미디어·디자인
,온라인교육학원,학원·어학원,교육업
,과실류도매업,유통·무역·상사,판매∙유통
,일반화물자동차운송업,운송·운수·물류,판매∙유통
,인테리어디자인업,실내·인테리어·조경,건설업
,탁주약주제조업,식품가공·개발,제조·화학
,봉제의복제조업,섬유·의류·패션,제조·화학
,남녀용겉옷셔츠도매업,유통·무역·상사,판매∙유통
,가정용비전기식조리난방기구제조업,생활용품·소비재·사무,제조·화학
,연료용가스제조배관공급업,기계·설비·자동차,제조·화학
,가정용비전기식조리난방기구제조업,생활용품·소비재·사무,제조·화학
,건설토목공사용기계장비임대업,렌탈·임대,서비스업
,아파트건설업,건설·건축·토목·시공,건설업
,주거용건물개발공급업,건설·건축·토목·시공,건설업
,지정폐기물처리업,환경,제조·화학
,배합사료제조업,기타제조업,제조·화학
,주거용건물건설업,건설·건축·토목·시공,건설업
,주거용건물개발공급업,건설·건축·토목·시공,건설업
,콜센터텔레마케팅서비스업,기타서비스업,서비스업
,인력공급업,시설관리·경비·용역,서비스업
,자동차임대업,렌탈·임대,서비스업
,완제의약품제조업,제약·보건·바이오,의료·제약·복지
,보험대리중개업,증권·보험·카드,은행·금융업
,주거용건물개발공급업,건설·건축·토목·시공,건설업
,도시정기육상여객운송업,운송·운수·물류,판매∙유통
,골프장운영업,레저·스포츠·여가,서비스업
,운송장비용주유소운영업,AS·카센터·주유,서비스업
,아파트건설업,건설·건축·토목·시공,건설업
,비주거용건물개발공급업,건설·건축·토목·시공,건설업
,여객자동차터미널운영업,호텔·여행·항공,서비스업
,아파트건설업,건설·건축·토목·시공,건설업
,전구조명장치제조업,생활용품·소비재·사무,제조·화학
,아파트건설업,건설·건축·토목·시공,건설업
,발광다이오드제조업,반도체·광학·LCD,제조·화학
,전기통신공사업,환경·설비,건설업
,전자감지장치제조업,전기·전자·제어,제조·화학
,주거용건물임대업,부동산·임대·중개,건설업
,주거용건물개발공급업,건설·건축·토목·시공,건설업
,부동산개발공급업,건설·건축·토목·시공,건설업
,가구소매업,판매,판매∙유통
,의료용기기제조업,기계·설비·자동차,제조·화학
,에너지저장장치제조업,석유·화학·에너지,제조·화학
,복권발행판매업,판매,판매∙유통
,광고대행업,광고·홍보·전시,미디어·디자인
,지주회사,기타금융,은행·금융업
,자동차차체용신품부품제조업,기계·설비·자동차,제조·화학
,의약품도매업,유통·무역·상사,판매∙유통
,알루미늄압연압출연신제품제조업,금속·재료·철강·요업,제조·화학
,콘크리트철근공사업,건설·건축·토목·시공,건설업
,전구램프제조업,생활용품·소비재·사무,제조·화학
,주류도매업,유통·무역·상사,판매∙유통
,콘크리트철근공사업,건설·건축·토목·시공,건설업
,지주회사,기타금융,은행·금융업
,게임소프트웨어개발공급업,게임,IT·웹·통신
,금융투자업,은행·금융·저축,은행·금융업
,화장품제조업,화장품·뷰티,제조·화학
,반도체제조업,반도체·광학·LCD,제조·화학
,유기발광표시장치제조업,반도체·광학·LCD,제조·화학
,절연선케이블제조업,전기·전자·제어,제조·화학
,지반조성건설업,건설·건축·토목·시공,건설업
,지주회사,기타금융,은행·금융업
,비주거용건물임대업,부동산·임대·중개,건설업
,시스템소프트웨어개발공급업,솔루션·SI·ERP·CRM,IT·웹·통신
,전자감지장치제조업,전기·전자·제어,제조·화학
,게임소프트웨어개발공급업,게임,IT·웹·통신
,일반용도료관련제품제조업,석유·화학·에너지,제조·화학
,일반용도료관련제품제조업,석유·화학·에너지,제조·화학
,일반용도료관련제품제조업,석유·화학·에너지,제조·화학
,속옷잠옷제조업,섬유·의류·패션,제조·화학
,완제의약품제조업,제약·보건·바이오,의료·제약·복지
,옥외시설물축조관련전문공사업,환경·설비,건설업
,식품제조업,식품가공·개발,제조·화학
,광고대행업,광고·홍보·전시,미디어·디자인
,곡물제분업,식품가공·개발,제조·화학
,비알콜음료도매업,유통·무역·상사,판매∙유통
,전문직별공사업,건설·건축·토목·시공,건설업
,대형마트,판매,판매∙유통
,육류가공업,식품가공·개발,제조·화학
,육상운송지원서비스업,운송·운수·물류,판매∙유통
,곡물곡분가축사료소매업,판매,판매∙유통
,동물용사료조제식품제조업,기타제조업,제조·화학
,종이포대가방제조업,가구·목재·제지,제조·화학
,과실류도매업,유통·무역·상사,판매∙유통
,컴퓨터시스템통합자문구축서비스업,IT컨설팅,IT·웹·통신
,식료품담배중개업,유통·무역·상사,판매∙유통
,화학살균살충제농업용약제제조업,석유·화학·에너지,제조·화학
,도매상품중개업,유통·무역·상사,판매∙유통
,인삼식품제조업,식품가공·개발,제조·화학
,가방보호용케이스제조업,생활용품·소비재·사무,제조·화학
,종이원지판지종이상자도매업,유통·무역·상사,판매∙유통
,운송장비조립용플라스틱제품제조업,석유·화학·에너지,제조·화학
,아파트건설업,건설·건축·토목·시공,건설업
,유선통신장비제조업,네트워크·통신·모바일,IT·웹·통신
,선박구성부분품제조업,조선·항공·우주,제조·화학
,자동차용신품조향장치현가장치제조업,기계·설비·자동차,제조·화학
,부동산개발공급업,건설·건축·토목·시공,건설업
,부동산업,부동산·임대·중개,건설업
,자료처리호스팅포털인터넷정보매개서비스업,웹에이젼시,IT·웹·통신
,도배실내장식내장목공사업,실내·인테리어·조경,건설업
,호환성공구제조업,기타제조업,제조·화학
,골프장운영업,레저·스포츠·여가,서비스업
,무기안료용금속산화물관련제품제조업,금속·재료·철강·요업,제조·화학
,체력단련시설운영업,레저·스포츠·여가,서비스업
,동물성유지제조업,석유·화학·에너지,제조·화학
,아파트건설업,건설·건축·토목·시공,건설업
,주거용건물개발공급업,건설·건축·토목·시공,건설업
,비주거용건물건설업,건설·건축·토목·시공,건설업
,아파트건설업,건설·건축·토목·시공,건설업
,초등교육기관,초중고·대학,교육업
,주거용건물개발공급업,건설·건축·토목·시공,건설업
,통신판매업,판매,판매∙유통
,교육서비스업,학원·어학원,교육업
,백화점,판매,판매∙유통
,상품종합도매업,유통·무역·상사,판매∙유통
,방적업,섬유·의류·패션,제조·화학
,면직물직조업,섬유·의류·패션,제조·화학
,임시일용인력공급업,시설관리·경비·용역,서비스업
,연료용가스제조배관공급업,기계·설비·자동차,제조·화학
,부동산업,부동산·임대·중개,건설업
,화학물질화학제품도매업,유통·무역·상사,판매∙유통
,지붕외벽축조관련전문공사업,건설·건축·토목·시공,건설업
,상품종합도매업,유통·무역·상사,판매∙유통
,휴양콘도운영업,호텔·여행·항공,서비스업
,휴양콘도운영업,호텔·여행·항공,서비스업
,지주회사,기타금융,은행·금융업
,영상음향기기제조업,기계·설비·자동차,제조·화학
,비금융지주회사,기타금융,은행·금융업
,부동산임대업,부동산·임대·중개,건설업
,토공사업,건설·건축·토목·시공,건설업
,사업시설유지관리서비스업,시설관리·경비·용역,서비스업
,아파트건설업,건설·건축·토목·시공,건설업
,외항화물운송업,운송·운수·물류,판매∙유통
,주방용전기기기제조업,생활용품·소비재·사무,제조·화학
,부동산임대업,부동산·임대·중개,건설업
,의약품제조업,제약·보건·바이오,제조·화학
,아파트건설업,건설·건축·토목·시공,건설업
,시외버스운송업,운송·운수·물류,판매∙유통
,시외버스운송업,운송·운수·물류,판매∙유통
,시내버스운송업,운송·운수·물류,판매∙유통
,주거용건물개발공급업,건설·건축·토목·시공,건설업
,지반조성건설업,건설·건축·토목·시공,건설업
,자동차신품부품제조업,기계·설비·자동차,제조·화학
,자동차트레일러제조업,기계·설비·자동차,제조·화학
,가정용전기기기제조업,생활용품·소비재·사무,제조·화학
,도로건설업,건설·건축·토목·시공,건설업
,증류기열교환기가스발생기제조업,기계·설비·자동차,제조·화학
,압연압출연신제품제조업,금속·재료·철강·요업,제조·화학
,액체연료관련제품도매업,유통·무역·상사,판매∙유통
,철근철근콘크리트공사업,건설·건축·토목·시공,건설업
,속도계적산계기제조업,기계·설비·자동차,제조·화학
,자동차신품판매업,판매,판매∙유통
,폴리스티렌발포성형제품제조업,석유·화학·에너지,제조·화학
,파이프라인운송업,운송·운수·물류,판매∙유통
,항공여객운송업,운송·운수·물류,판매∙유통
,비주거용건물임대업,부동산·임대·중개,건설업
,금속제품도매업,유통·무역·상사,판매∙유통
,부동산임대업,부동산·임대·중개,건설업
,광고대행업,광고·홍보·전시,미디어·디자인
,타이어튜브제조업,석유·화학·에너지,제조·화학
,고무패킹류제조업,석유·화학·에너지,제조·화학
,경영컨설팅업,연구소·컨설팅·조사,기관∙협회
,게임소프트웨어개발공급업,게임,IT·웹·통신
,부동산개발공급업,건설·건축·토목·시공,건설업
,골프장운영업,레저·스포츠·여가,서비스업
,컴퓨터시설관리업,하드웨어·장비,IT·웹·통신
,주거용건물개발공급업,건설·건축·토목·시공,건설업
,골프장운영업,레저·스포츠·여가,서비스업
,화장품제조업,화장품·뷰티,제조·화학
,아파트건설업,건설·건축·토목·시공,건설업
,산업용가스제조업,석유·화학·에너지,제조·화학
,유선통신업,네트워크·통신·모바일,IT·웹·통신
,육류가공업,식품가공·개발,제조·화학
,날붙이제조업,금속·재료·철강·요업,제조·화학
,건물토목엔지니어링서비스업,건설·건축·토목·시공,건설업
,셔츠블라우스제조업,섬유·의류·패션,제조·화학
,휴양콘도운영업,호텔·여행·항공,서비스업
,아파트건설업,건설·건축·토목·시공,건설업
,자동차용신품조향장치현가장치제조업,기계·설비·자동차,제조·화학
,부동산개발공급업,건설·건축·토목·시공,건설업
,건물토목엔지니어링서비스업,건설·건축·토목·시공,건설업
,일반화물자동차운송업,운송·운수·물류,판매∙유통
,일반창고업,운송·운수·물류,판매∙유통
,자동차용신품조향장치현가장치제조업,기계·설비·자동차,제조·화학
,발광다이오드제조업,반도체·광학·LCD,제조·화학
,골프장운영업,레저·스포츠·여가,서비스업
,창고운송관련서비스업,운송·운수·물류,판매∙유통
,액정표시장치제조업,반도체·광학·LCD,제조·화학
,가공식품도매업,유통·무역·상사,판매∙유통
,자동차용신품조향장치현가장치제조업,기계·설비·자동차,제조·화학
,자동차부품판매업,판매,판매∙유통
,지주회사,기타금융,은행·금융업
,기초화학물질제조업,석유·화학·에너지,제조·화학
,신문발행업,출판·인쇄·사진,미디어·디자인
,기반조성시설물축조관련전문공사업,건설·건축·토목·시공,건설업
,시멘트제조업,금속·재료·철강·요업,제조·화학
,도로건설업,건설·건축·토목·시공,건설업
,자동차신품판매업,판매,판매∙유통
,열간압연압출제품제조업,금속·재료·철강·요업,제조·화학
,주거용건물개발공급업,건설·건축·토목·시공,건설업
,냉장냉동창고업,운송·운수·물류,판매∙유통
,사업시설유지관리서비스업,시설관리·경비·용역,서비스업
,육류가공업,식품가공·개발,제조·화학
,아파트건설업,건설·건축·토목·시공,건설업
,의약품도매업,유통·무역·상사,판매∙유통
,의약품도매업,유통·무역·상사,판매∙유통
,식품제조업,식품가공·개발,제조·화학
,식품첨가물제조업,식품가공·개발,제조·화학
,무기안료용금속산화물관련제품제조업,금속·재료·철강·요업,제조·화학
,전자부품제조업,전기·전자·제어,제조·화학
,폴리스티렌발포성형제품제조업,석유·화학·에너지,제조·화학
,주거용건물건설업,건설·건축·토목·시공,건설업
,골프장운영업,레저·스포츠·여가,서비스업
,아파트건설업,건설·건축·토목·시공,건설업
,염색가공업,섬유·의류·패션,제조·화학
,아파트건설업,건설·건축·토목·시공,건설업
,골판지가공제품제조업,가구·목재·제지,제조·화학
,플라스틱제품제조업,석유·화학·에너지,제조·화학
,아파트건설업,건설·건축·토목·시공,건설업
,기초무기화학물질제조업,석유·화학·에너지,제조·화학
,가정용전기기기제조업,생활용품·소비재·사무,제조·화학
,골판지제조업,가구·목재·제지,제조·화학
,부동산중개대리업,부동산·임대·중개,건설업
,골프장운영업,레저·스포츠·여가,서비스업
,선박구성부분품제조업,조선·항공·우주,제조·화학
,종합소매업,판매,판매∙유통
,아파트건설업,건설·건축·토목·시공,건설업
,자동차엔진용신품부품제조업,기계·설비·자동차,제조·화학
,응용소프트웨어개발공급업,솔루션·SI·ERP·CRM,IT·웹·통신
,자동차용신품조향장치현가장치제조업,기계·설비·자동차,제조·화학
,자동차용신품조향장치현가장치제조업,기계·설비·자동차,제조·화학
,자동차용신품조향장치현가장치제조업,기계·설비·자동차,제조·화학
,자동차용신품동력전달장치제조업,기계·설비·자동차,제조·화학
,회사본부경영컨설팅서비스업,연구소·컨설팅·조사,기관∙협회
,스포츠클럽운영업,레저·스포츠·여가,서비스업
,사행시설관리운영업,시설관리·경비·용역,서비스업
,자동차신품부품제조업,기계·설비·자동차,제조·화학
,자동차용전용신품부품판매업,판매,판매∙유통
,자동차용신품조향장치현가장치제조업,기계·설비·자동차,제조·화학
,자동차엔진용신품부품제조업,기계·설비·자동차,제조·화학
,임시일용인력공급업,시설관리·경비·용역,서비스업
,일반목적용기계제조업,기계·설비·자동차,제조·화학
,비디오영상기기제조업,기계·설비·자동차,제조·화학
,전자부품제조업,전기·전자·제어,제조·화학
,금속광물도매업,유통·무역·상사,판매∙유통
,한식일반음식점업,외식업·식음료,서비스업
,컴퓨터시스템통합자문구축서비스업,IT컨설팅,IT·웹·통신
,의료기기도매업,유통·무역·상사,판매∙유통
,기초무기화학물질제조업,석유·화학·에너지,제조·화학
,주거용건물개발공급업,건설·건축·토목·시공,건설업
,전자기측정시험분석기구제조업,전기·전자·제어,제조·화학
,액정표시장치제조업,반도체·광학·LCD,제조·화학
,자동차용신품조향장치현가장치제조업,기계·설비·자동차,제조·화학
,여자용겉옷제조업,섬유·의류·패션,제조·화학
,주거용건물개발공급업,건설·건축·토목·시공,건설업
,자동차용금속압형제품제조업,기계·설비·자동차,제조·화학
,자동차용신품의자제조업,기계·설비·자동차,제조·화학
,주거용건물개발공급업,건설·건축·토목·시공,건설업
,옥외시설물축조관련전문공사업,환경·설비,건설업
,강관제조업,금속·재료·철강·요업,제조·화학
,핸드백지갑제조업,섬유·의류·패션,제조·화학
,통관대리관련서비스업,호텔·여행·항공,서비스업
,전자부품실장기판제조업,전기·전자·제어,제조·화학
,특수목적용기계제조업,기계·설비·자동차,제조·화학
,양계업,농업·어업·광업·임업,제조·화학
,주거용건물개발공급업,건설·건축·토목·시공,건설업
,주거용건물개발공급업,건설·건축·토목·시공,건설업
,비디오영상기기제조업,기계·설비·자동차,제조·화학
,금융업,은행·금융·저축,은행·금융업
,합금철제조업,금속·재료·철강·요업,제조·화학
,금속제품도매업,유통·무역·상사,판매∙유통
,자동차용신품조향장치현가장치제조업,기계·설비·자동차,제조·화학
,유선방송업,방송사·케이블,미디어·디자인
,아파트건설업,건설·건축·토목·시공,건설업
,주거용건물개발공급업,건설·건축·토목·시공,건설업
,부동산개발공급업,건설·건축·토목·시공,건설업
,보험대리중개업,증권·보험·카드,은행·금융업
,사무상업용공공기관용건물건설업,건설·건축·토목·시공,건설업
,비주거용건물임대업,부동산·임대·중개,건설업
,사업지원서비스업,기타서비스업,서비스업
,부동산업,부동산·임대·중개,건설업
,서적잡지신문도매업,유통·무역·상사,판매∙유통
,여행사업,호텔·여행·항공,서비스업
,비주거용건물개발공급업,건설·건축·토목·시공,건설업
,산업용로봇제조업,기계·설비·자동차,제조·화학
,비주거용건물임대업,부동산·임대·중개,건설업
,음료소매업,판매,판매∙유통
,스포츠클럽운영업,레저·스포츠·여가,서비스업
,다이오드트랜지스터유사반도체소자제조업,반도체·광학·LCD,제조·화학
,패션섬유류전문디자인업,섬유·의류·패션,제조·화학
,액체연료관련제품도매업,유통·무역·상사,판매∙유통
,시계귀금속제품도매업,유통·무역·상사,판매∙유통
,산업용가스제조업,석유·화학·에너지,제조·화학
,육류가공저장처리업,식품가공·개발,제조·화학
,육류가공저장처리업,식품가공·개발,제조·화학
,광고관련서비스업,광고·홍보·전시,미디어·디자인
,주거용건물개발공급업,건설·건축·토목·시공,건설업
,전기통신업,네트워크·통신·모바일,IT·웹·통신
,사무회화용품제조업,생활용품·소비재·사무,제조·화학
,사업시설유지관리서비스업,시설관리·경비·용역,서비스업
,이동전화기제조업,기계·설비·자동차,제조·화학
,자동차신품부품제조업,기계·설비·자동차,제조·화학
,액체여과기제조업,기계·설비·자동차,제조·화학
,정보서비스업,IT컨설팅,IT·웹·통신
,신문발행업,출판·인쇄·사진,미디어·디자인
,비주거용부동산관리업,부동산·임대·중개,건설업
,임시일용인력공급업,시설관리·경비·용역,서비스업
,데이터베이스온라인정보제공업,솔루션·SI·ERP·CRM,IT·웹·통신
,비주거용건물개발공급업,건설·건축·토목·시공,건설업
,직원훈련기관,전문·기능학원,교육업
,아파트건설업,건설·건축·토목·시공,건설업
,종합소매업,판매,판매∙유통
,부동산임대공급업,부동산·임대·중개,건설업
,통신판매업,판매,판매∙유통
,생물학적제제제조업,석유·화학·에너지,제조·화학
,광고매체판매업,광고·홍보·전시,미디어·디자인
,의학약학연구개발업,연구소·컨설팅·조사,기관∙협회
,산업용기계장비임대업,렌탈·임대,서비스업
,컴퓨터시스템통합자문구축서비스업,IT컨설팅,IT·웹·통신
,데이터베이스온라인정보제공업,솔루션·SI·ERP·CRM,IT·웹·통신
,전문서비스업,기타서비스업,서비스업
,부동산업,부동산·임대·중개,건설업
,전자부품제조업,전기·전자·제어,제조·화학
,골프장운영업,레저·스포츠·여가,서비스업
,컴퓨터제조업,전기·전자·제어,제조·화학
,비금융지주회사,기타금융,은행·금융업
,백화점,판매,판매∙유통
,여행사업,호텔·여행·항공,서비스업
,절연선케이블제조업,전기·전자·제어,제조·화학
,금속제품도매업,유통·무역·상사,판매∙유통
,아파트건설업,건설·건축·토목·시공,건설업
,자동차부품판매업,판매,판매∙유통
,자동차신품부품제조업,기계·설비·자동차,제조·화학
,소매업자동차제외,판매,판매∙유통
,유원지테마파크운영업,레저·스포츠·여가,서비스업
,소주제조업,식품가공·개발,제조·화학
,밸브유사장치제조업,기타제조업,제조·화학
,일반교과학원,학원·어학원,교육업
,아파트건설업,건설·건축·토목·시공,건설업
,아파트건설업,건설·건축·토목·시공,건설업
,아파트건설업,건설·건축·토목·시공,건설업
,지상파방송업,방송사·케이블,미디어·디자인
,신문발행업,출판·인쇄·사진,미디어·디자인
,매니저업,연예·엔터테인먼트,미디어·디자인
,주거용건물개발공급업,건설·건축·토목·시공,건설업
,주거용건물개발공급업,건설·건축·토목·시공,건설업
,전기통신업,네트워크·통신·모바일,IT·웹·통신
,포털인터넷정보매개서비스업,웹에이젼시,IT·웹·통신
,정기광고간행물발행업,광고·홍보·전시,미디어·디자인
,시스템소프트웨어개발공급업,솔루션·SI·ERP·CRM,IT·웹·통신
,아파트건설업,건설·건축·토목·시공,건설업
,일반서적출판업,출판·인쇄·사진,미디어·디자인
,연료용가스제조배관공급업,기계·설비·자동차,제조·화학
,증기온수공기조절공급업,환경·설비,건설업
,주거용부동산관리업,부동산·임대·중개,건설업
,인쇄용필기용원지제조업,가구·목재·제지,제조·화학
,사업시설유지관리서비스업,시설관리·경비·용역,서비스업
,반도체제조용기계제조업,반도체·광학·LCD,제조·화학
,남자용겉옷제조업,섬유·의류·패션,제조·화학
,의료용기기제조업,기계·설비·자동차,제조·화학
,상품종합도매업,유통·무역·상사,판매∙유통
,음식점업,외식업·식음료,서비스업
,자동차신품판매업,판매,판매∙유통
,표시장치제조업,반도체·광학·LCD,제조·화학
,비금융지주회사,기타금융,은행·금융업
,체인화편의점,유통·무역·상사,판매∙유통
,의학약학연구개발업,연구소·컨설팅·조사,기관∙협회
,간이음식포장판매전문점,외식업·식음료,서비스업
,자전거운송장비소매업,판매,판매∙유통
,의료정밀과학기기도매업,유통·무역·상사,판매∙유통
,치과용기기제조업,기계·설비·자동차,제조·화학
,의료기기도매업,유통·무역·상사,판매∙유통
,종이원지판지종이상자도매업,유통·무역·상사,판매∙유통
,셔츠외의도매업,유통·무역·상사,판매∙유통
,아파트건설업,건설·건축·토목·시공,건설업
,주거용건물개발공급업,건설·건축·토목·시공,건설업
,종합건설업,건설·건축·토목·시공,건설업
,종합건설업,건설·건축·토목·시공,건설업
,지주회사,기타금융,은행·금융업
,콘크리트철근공사업,건설·건축·토목·시공,건설업
,석회플라스터제조업,금속·재료·철강·요업,제조·화학
,생수생산업,식품가공·개발,제조·화학
,남자용겉옷제조업,섬유·의류·패션,제조·화학
,보관창고업,운송·운수·물류,판매∙유통
,자동차신품부품제조업,기계·설비·자동차,제조·화학
,자동차용신품조향장치현가장치제조업,기계·설비·자동차,제조·화학
,자동차신품판매업,판매,판매∙유통
,자동차용신품조향장치현가장치제조업,기계·설비·자동차,제조·화학
,비금속광물제품제조업,금속·재료·철강·요업,제조·화학
,주거용건물임대업,부동산·임대·중개,건설업
,주거용건물개발공급업,건설·건축·토목·시공,건설업
,자동차용신품조향장치현가장치제조업,기계·설비·자동차,제조·화학
,자동차용신품조향장치현가장치제조업,기계·설비·자동차,제조·화학
,의약품도매업,유통·무역·상사,판매∙유통
,자동차신품판매업,판매,판매∙유통
,의약품도매업,유통·무역·상사,판매∙유통
,연료용가스제조배관공급업,기계·설비·자동차,제조·화학
,호텔업,호텔·여행·항공,서비스업
,폐기물수집운반처리원료재생업,환경,제조·화학
,단독주택건설업,건설·건축·토목·시공,건설업
,여신금융업,은행·금융·저축,은행·금융업
,골프장운영업,레저·스포츠·여가,서비스업
,배관난방공사업,환경·설비,건설업
,아파트건설업,건설·건축·토목·시공,건설업
,커피전문점,외식업·식음료,서비스업
,일반교과학원,학원·어학원,교육업
,일반화물자동차운송업,운송·운수·물류,판매∙유통
,비금속광물분쇄물생산업,금속·재료·철강·요업,제조·화학
,봉제의복제조업,섬유·의류·패션,제조·화학
,골프장운영업,레저·스포츠·여가,서비스업
,엔지니어링서비스업,연구소·컨설팅·조사,기관∙협회
,광고대행업,광고·홍보·전시,미디어·디자인
,의약품의료용품화장품도매업,유통·무역·상사,판매∙유통
,화장품화장용품도매업,유통·무역·상사,판매∙유통
,인쇄회로기판용적층판제조업,전기·전자·제어,제조·화학
,목재건축자재중개업,부동산·임대·중개,건설업
,목재건축자재중개업,부동산·임대·중개,건설업
,골프장운영업,레저·스포츠·여가,서비스업
,신발도매업,유통·무역·상사,판매∙유통
,자료처리업,출판·인쇄·사진,미디어·디자인
,택배업,운송·운수·물류,판매∙유통
,체인화편의점,유통·무역·상사,판매∙유통
,도시락식사용조리식품제조업,식품가공·개발,제조·화학
,피자햄버거샌드위치유사음식점업,외식업·식음료,서비스업
,전자상거래소매중개업,유통·무역·상사,판매∙유통
,부동산업,부동산·임대·중개,건설업
,액상시유낙농제품제조업,식품가공·개발,제조·화학
,의약품도매업,유통·무역·상사,판매∙유통
,부동산개발공급업,건설·건축·토목·시공,건설업
,주거용건물개발공급업,건설·건축·토목·시공,건설업
,포털인터넷정보매개서비스업,웹에이젼시,IT·웹·통신
,주거용건물개발공급업,건설·건축·토목·시공,건설업
,수산동물훈제조리유사조제식품제조업,식품가공·개발,제조·화학
,배합사료제조업,기타제조업,제조·화학
,컴퓨터프로그래밍시스템통합관리업,솔루션·SI·ERP·CRM,IT·웹·통신
,수산물가공저장처리업,식품가공·개발,제조·화학
,식품제조업,식품가공·개발,제조·화학
,육류가공저장처리업,식품가공·개발,제조·화학
,단독주택건설업,건설·건축·토목·시공,건설업
,봉제의복제조업,섬유·의류·패션,제조·화학
,임시일용인력공급업,시설관리·경비·용역,서비스업
,자동차엔진용신품부품제조업,기계·설비·자동차,제조·화학
,압연압출연신제품제조업,금속·재료·철강·요업,제조·화학
,비주거용건물개발공급업,건설·건축·토목·시공,건설업
,기관구내식당업,외식업·식음료,서비스업
,경제경영학연구개발업,연구소·컨설팅·조사,기관∙협회
,시계귀금속제품도매업,유통·무역·상사,판매∙유통
,스포츠클럽운영업,레저·스포츠·여가,서비스업
,보험대리중개업,증권·보험·카드,은행·금융업
,보험대리중개업,증권·보험·카드,은행·금융업
,육류가공업,식품가공·개발,제조·화학
,날붙이수공구일반철물제조업,금속·재료·철강·요업,제조·화학
,부동산업,부동산·임대·중개,건설업
,천연혼합조제조미료제조업,식품가공·개발,제조·화학
,의료용물질의약품제조업,제약·보건·바이오,의료·제약·복지
,설탕제조업,식품가공·개발,제조·화학
,서양식음식점업,외식업·식음료,서비스업
,담배도매업,유통·무역·상사,판매∙유통
,낙농제품식용빙과류제조업,식품가공·개발,제조·화학
,포장용플라스틱성형용기제조업,석유·화학·에너지,제조·화학
,크라프트지상자용판지제조업,가구·목재·제지,제조·화학
,지주회사,기타금융,은행·금융업
,자동차차체용부품제조업,기계·설비·자동차,제조·화학
,자동차용신품부품제조업,기계·설비·자동차,제조·화학
,건축설계관련서비스업,건설·건축·토목·시공,건설업
,의약품도매업,유통·무역·상사,판매∙유통
,건축물일반청소업,시설관리·경비·용역,서비스업
,아파트건설업,건설·건축·토목·시공,건설업
,비주거용건물임대업,부동산·임대·중개,건설업
,아파트건설업,건설·건축·토목·시공,건설업
,주거용건물개발공급업,건설·건축·토목·시공,건설업
,종합건설업,건설·건축·토목·시공,건설업
,육지동물애완동물도매업,유통·무역·상사,판매∙유통
,연료용가스제조배관공급업,기계·설비·자동차,제조·화학
,배관난방장치도매업,유통·무역·상사,판매∙유통
,배관난방공사업,환경·설비,건설업
,고체연료관련제품도매업,판매,판매∙유통
,지주회사,기타금융,은행·금융업
,시멘트제조업,금속·재료·철강·요업,제조·화학
,레미콘제조업,기계·설비·자동차,제조·화학
,비금속광물제품제조업,금속·재료·철강·요업,제조·화학
,금속단조압형분말야금제품제조업,금속·재료·철강·요업,제조·화학
,아파트건설업,건설·건축·토목·시공,건설업
,건물건설업,건설·건축·토목·시공,건설업
,골판지제조업,가구·목재·제지,제조·화학
,전기가스증기공기조절공급업,전기·전자·제어,제조·화학
,절연선케이블제조업,전기·전자·제어,제조·화학
,호텔업,호텔·여행·항공,서비스업
,광고대행업,광고·홍보·전시,미디어·디자인
,금융업,은행·금융·저축,은행·금융업
,빵류제조업,식품가공·개발,제조·화학
,골프장운영업,레저·스포츠·여가,서비스업
,작물재배업,농업·어업·광업·임업,제조·화학
,부동산개발공급업,건설·건축·토목·시공,건설업
,지주회사,기타금융,은행·금융업
,자동차신품부품제조업,기계·설비·자동차,제조·화학
,트레일러세미트레일러제조업,기계·설비·자동차,제조·화학
,자동차용신품전기장치제조업,기계·설비·자동차,제조·화학
,목재깔판류적재판제조업,가구·목재·제지,제조·화학
,비주거용건물임대업,부동산·임대·중개,건설업
,유원지테마파크운영업,레저·스포츠·여가,서비스업
,골프장운영업,레저·스포츠·여가,서비스업
,슈퍼마켓,판매,판매∙유통
,지주회사,기타금융,은행·금융업
,자동차엔진용신품부품제조업,기계·설비·자동차,제조·화학
,아파트건설업,건설·건축·토목·시공,건설업
,민박업,호텔·여행·항공,서비스업
,아파트건설업,건설·건축·토목·시공,건설업
,주거용건물개발공급업,건설·건축·토목·시공,건설업
,비주거용건물개발공급업,건설·건축·토목·시공,건설업
,상품종합도매업,유통·무역·상사,판매∙유통
,화학제품제조업,석유·화학·에너지,제조·화학
,비주거용건물건설업,건설·건축·토목·시공,건설업
,박물관운영업,레저·스포츠·여가,서비스업
,수상화물취급업,운송·운수·물류,판매∙유통
,주거용건물개발공급업,건설·건축·토목·시공,건설업
,건축설계관련서비스업,건설·건축·토목·시공,건설업
,비철금속제련정련합금제조업,기계·설비·자동차,제조·화학
,골프장운영업,레저·스포츠·여가,서비스업
,동물용사료조제식품제조업,기타제조업,제조·화학
,사업시설유지관리서비스업,시설관리·경비·용역,서비스업
,자동차신품판매업,판매,판매∙유통
,육류가공업,식품가공·개발,제조·화학
,육류가공업,식품가공·개발,제조·화학
,주거용건물개발공급업,건설·건축·토목·시공,건설업
,종이원지판지종이상자도매업,유통·무역·상사,판매∙유통
,부동산중개대리업,부동산·임대·중개,건설업
,건축기술엔지니어링관련기술서비스업,건설·건축·토목·시공,건설업
,토공사업,건설·건축·토목·시공,건설업
,화학섬유직물직조업,섬유·의류·패션,제조·화학
,자동차차체용신품부품제조업,기계·설비·자동차,제조·화학
,차체특장차제조업,기계·설비·자동차,제조·화학
,주거용건물개발공급업,건설·건축·토목·시공,건설업
,종이원지판지종이상자도매업,유통·무역·상사,판매∙유통
,주철관제조업,금속·재료·철강·요업,제조·화학
,금속류해체선별업,금속·재료·철강·요업,제조·화학
,복합비료화학비료제조업,석유·화학·에너지,제조·화학
,반도체디스플레이제조용기계제조업,반도체·광학·LCD,제조·화학
,증류기열교환기가스발생기제조업,기계·설비·자동차,제조·화학
,제철제강업,금속·재료·철강·요업,제조·화학
,위험물품보관업,운송·운수·물류,판매∙유통
,임시일용인력공급업,시설관리·경비·용역,서비스업
,배관난방공사업,환경·설비,건설업
,건물설비설치공사업,건설·건축·토목·시공,건설업
,부동산관련서비스업,부동산·임대·중개,건설업
,소독구충방제서비스업,시설관리·경비·용역,서비스업
,냉간압연압출제품제조업,석유·화학·에너지,제조·화학
,제철제강합금철제조업,금속·재료·철강·요업,제조·화학
,부동산업,부동산·임대·중개,건설업
,기체펌프압축기제조업,기계·설비·자동차,제조·화학
,일반화물자동차운송업,운송·운수·물류,판매∙유통
,엔지니어링서비스업,연구소·컨설팅·조사,기관∙협회
,지주회사,기타금융,은행·금융업
,철강선제조업,금속·재료·철강·요업,제조·화학
,냉간압연압출제품제조업,석유·화학·에너지,제조·화학
,사업시설유지관리서비스업,시설관리·경비·용역,서비스업
,자동차용신품조향장치현가장치제조업,기계·설비·자동차,제조·화학
,자동차차체용신품부품제조업,기계·설비·자동차,제조·화학
,자동차신품부품제조업,기계·설비·자동차,제조·화학
,자동차용신품조향장치현가장치제조업,기계·설비·자동차,제조·화학
,대형마트,판매,판매∙유통
,백화점,판매,판매∙유통
,가정용전기기기제조업,생활용품·소비재·사무,제조·화학
,남자용겉옷제조업,섬유·의류·패션,제조·화학
,자동차용신품조향장치현가장치제조업,기계·설비·자동차,제조·화학
,봉제의복제조업,섬유·의류·패션,제조·화학
,종합건설업,건설·건축·토목·시공,건설업
,주거용건물개발공급업,건설·건축·토목·시공,건설업
,여행사업,호텔·여행·항공,서비스업
,주거용건물개발공급업,건설·건축·토목·시공,건설업
,선박구성부분품제조업,조선·항공·우주,제조·화학
,사진장비광학기기제조업,기계·설비·자동차,제조·화학
,비주거용건물개발공급업,건설·건축·토목·시공,건설업
,자동차차체용신품부품제조업,기계·설비·자동차,제조·화학
,자동차용신품동력전달장치제조업,기계·설비·자동차,제조·화학
,자동차용신품조향장치현가장치제조업,기계·설비·자동차,제조·화학
,자동차신품부품제조업,기계·설비·자동차,제조·화학
,지정폐기물처리업,환경,제조·화학
,컴퓨터시스템통합자문구축관리업,IT컨설팅,IT·웹·통신
,생물학적제제제조업,석유·화학·에너지,제조·화학
,전문도매업,유통·무역·상사,판매∙유통
,안경안경렌즈제조업,생활용품·소비재·사무,제조·화학
,항만여객운송업,운송·운수·물류,판매∙유통
,시내버스운송업,운송·운수·물류,판매∙유통
,의료용품도매업,유통·무역·상사,판매∙유통
,주거용건물건설업,건설·건축·토목·시공,건설업
,주거용건물개발공급업,건설·건축·토목·시공,건설업
,전자부품제조업,전기·전자·제어,제조·화학
,부동산개발공급업,건설·건축·토목·시공,건설업
,주거용건물개발공급업,건설·건축·토목·시공,건설업
,천연혼합조제조미료제조업,식품가공·개발,제조·화학
,천연혼합조제조미료제조업,식품가공·개발,제조·화학
,지주회사,기타금융,은행·금융업
,전자상거래소매중개업,유통·무역·상사,판매∙유통
,과실채소가공저장처리업,식품가공·개발,제조·화학
,의료정밀과학기기도매업,유통·무역·상사,판매∙유통
,업종미분류,,업종미분류
,통관대리관련서비스업,호텔·여행·항공,서비스업
,남자용겉옷제조업,섬유·의류·패션,제조·화학
,안경안경렌즈제조업,생활용품·소비재·사무,제조·화학
,유선온라인게임소프트웨어개발공급업,게임,IT·웹·통신
,지주회사,기타금융,은행·금융업
,전기통신업,네트워크·통신·모바일,IT·웹·통신
,기록매체복제업,출판·인쇄·사진,미디어·디자인
,프로그램공급업,솔루션·SI·ERP·CRM,IT·웹·통신
,아파트건설업,건설·건축·토목·시공,건설업
,주거용건물개발공급업,건설·건축·토목·시공,건설업
,가방보호용케이스도매업,유통·무역·상사,판매∙유통
,커피전문점,외식업·식음료,서비스업
,주거용건물개발공급업,건설·건축·토목·시공,건설업
,플라스틱필름제조업,석유·화학·에너지,제조·화학
,부동산업,부동산·임대·중개,건설업
,부동산개발공급업,건설·건축·토목·시공,건설업
,부동산임대공급업,부동산·임대·중개,건설업
,지정폐기물처리업,환경,제조·화학
,철강제조업,금속·재료·철강·요업,제조·화학
,강관제조업,금속·재료·철강·요업,제조·화학
,비주거용건물임대업,부동산·임대·중개,건설업
,액체연료관련제품도매업,유통·무역·상사,판매∙유통
,전자집적회로제조업,전기·전자·제어,제조·화학
,핸드백지갑제조업,섬유·의류·패션,제조·화학
,핸드백지갑제조업,섬유·의류·패션,제조·화학
,섬유의복신발가죽제품소매업,판매,판매∙유통
,시스템소프트웨어개발공급업,솔루션·SI·ERP·CRM,IT·웹·통신
,전문직별공사업,건설·건축·토목·시공,건설업
,주거용건물건설업,건설·건축·토목·시공,건설업
,아파트건설업,건설·건축·토목·시공,건설업
,단독주택건설업,건설·건축·토목·시공,건설업
,종합건설업,건설·건축·토목·시공,건설업
,단독주택건설업,건설·건축·토목·시공,건설업
,부동산개발공급업,건설·건축·토목·시공,건설업
,단독주택건설업,건설·건축·토목·시공,건설업
,건축자재철물난방장치도매업,유통·무역·상사,판매∙유통
,철강제조업,금속·재료·철강·요업,제조·화학
,폴리스티렌발포성형제품제조업,석유·화학·에너지,제조·화학
,산업용기계장비도매업,유통·무역·상사,판매∙유통
,컴퓨터주변장치제조업,전기·전자·제어,제조·화학
,비알코올음료도매업,유통·무역·상사,판매∙유통
,아파트건설업,건설·건축·토목·시공,건설업
,부동산임대업,부동산·임대·중개,건설업
,유원지테마파크운영업,레저·스포츠·여가,서비스업
,지반조성건설업,건설·건축·토목·시공,건설업
,토목시설물건설업,건설·건축·토목·시공,건설업
,다이오드트랜지스터유사반도체소자제조업,반도체·광학·LCD,제조·화학
,백화점,판매,판매∙유통
,백화점,판매,판매∙유통
,면세점,호텔·여행·항공,서비스업
,면세점,호텔·여행·항공,서비스업
,비주거용건물임대업,부동산·임대·중개,건설업
,여객자동차터미널운영업,호텔·여행·항공,서비스업
,컴퓨터시스템통합자문구축서비스업,IT컨설팅,IT·웹·통신
,주류도매업,유통·무역·상사,판매∙유통
,휴양콘도운영업,호텔·여행·항공,서비스업
,남녀용겉옷셔츠도매업,유통·무역·상사,판매∙유통
,화장품비누방향제소매업,판매,판매∙유통
,호텔업,호텔·여행·항공,서비스업
,셔츠블라우스소매업,판매,판매∙유통
,통신판매업,판매,판매∙유통
,컴퓨터프로그래밍서비스업,솔루션·SI·ERP·CRM,IT·웹·통신
,기관구내식당업,외식업·식음료,서비스업
,부동산개발공급업,건설·건축·토목·시공,건설업
,호텔업,호텔·여행·항공,서비스업
,지정폐기물처리업,환경,제조·화학
,자동차트레일러제조업,기계·설비·자동차,제조·화학
,아파트건설업,건설·건축·토목·시공,건설업
,건물건설업,건설·건축·토목·시공,건설업
,여자용겉옷제조업,섬유·의류·패션,제조·화학
,자동차차체용신품부품제조업,기계·설비·자동차,제조·화학
,아파트건설업,건설·건축·토목·시공,건설업
,자동차차체용부품제조업,기계·설비·자동차,제조·화학
,자동차용신품조향장치현가장치제조업,기계·설비·자동차,제조·화학
,건물건설업,건설·건축·토목·시공,건설업
,시스템소프트웨어개발공급업,솔루션·SI·ERP·CRM,IT·웹·통신
,방적업,섬유·의류·패션,제조·화학
,오프셋인쇄업,출판·인쇄·사진,미디어·디자인
,자동차트레일러제조업,기계·설비·자동차,제조·화학
,전자부품컴퓨터영상음향통신장비제조업,전기·전자·제어,제조·화학
,엔지니어링서비스업,연구소·컨설팅·조사,기관∙협회
,다이오드트랜지스터유사반도체소자제조업,반도체·광학·LCD,제조·화학
,스타킹양말제조업,섬유·의류·패션,제조·화학
,알루미늄압연압출연신제품제조업,금속·재료·철강·요업,제조·화학
,자동차트레일러제조업,기계·설비·자동차,제조·화학
,지주회사,기타금융,은행·금융업
,합금철제조업,금속·재료·철강·요업,제조·화학
,도금착색표면처리강재제조업,금속·재료·철강·요업,제조·화학
,가금류가공저장처리업,식품가공·개발,제조·화학
,컴퓨터시스템통합자문구축서비스업,IT컨설팅,IT·웹·통신
,부동산개발공급업,건설·건축·토목·시공,건설업
,주거용건물개발공급업,건설·건축·토목·시공,건설업
,서양식음식점업,외식업·식음료,서비스업
,자동차임대업,렌탈·임대,서비스업
,응용소프트웨어개발공급업,솔루션·SI·ERP·CRM,IT·웹·통신
,밸브유사장치제조업,기타제조업,제조·화학
,비주거용건물임대업,부동산·임대·중개,건설업
,부동산임대공급업,부동산·임대·중개,건설업
,자료처리호스팅포털인터넷정보매개서비스업,웹에이젼시,IT·웹·통신
,정보서비스업,IT컨설팅,IT·웹·통신
,체인화편의점,유통·무역·상사,판매∙유통
,일반창고업,운송·운수·물류,판매∙유통
,사업지원서비스업,기타서비스업,서비스업
,화장품제조업,화장품·뷰티,제조·화학
,콜센터텔레마케팅서비스업,기타서비스업,서비스업
,콜센터텔레마케팅서비스업,기타서비스업,서비스업
,사업시설관리조경서비스업,실내·인테리어·조경,건설업
,수산동물훈제조리유사조제식품제조업,식품가공·개발,제조·화학
,텔레비전방송업,방송사·케이블,미디어·디자인
,임시일용인력공급업,시설관리·경비·용역,서비스업
,유선방송업,방송사·케이블,미디어·디자인
,유선방송업,방송사·케이블,미디어·디자인
,영화비디오물방송프로그램제작배급업,영화·배급·음악,미디어·디자인
,증기온수공기조절공급업,환경·설비,건설업
,부동산관리업,부동산·임대·중개,건설업
,주거용건물개발공급업,건설·건축·토목·시공,건설업
,자동차임대업,렌탈·임대,서비스업
,화장품제조업,화장품·뷰티,제조·화학
,지주회사,기타금융,은행·금융업
,화장품화장용품도매업,유통·무역·상사,판매∙유통
,전자부품제조업,전기·전자·제어,제조·화학
,액정표시장치제조업,반도체·광학·LCD,제조·화학
,부동산개발공급업,건설·건축·토목·시공,건설업
,종이원지판지종이상자도매업,유통·무역·상사,판매∙유통
,상품종합도매업,유통·무역·상사,판매∙유통
,열간압연압출제품제조업,금속·재료·철강·요업,제조·화학
,도금착색표면처리강재제조업,금속·재료·철강·요업,제조·화학
,자동차용신품전기장치제조업,기계·설비·자동차,제조·화학
,기관구내식당업,외식업·식음료,서비스업
,통신방송장비부품도매업,유통·무역·상사,판매∙유통
,무선통신장비제조업,네트워크·통신·모바일,IT·웹·통신
,상품종합도매업,유통·무역·상사,판매∙유통
,교육서비스업,학원·어학원,교육업
,반도체제조용기계제조업,반도체·광학·LCD,제조·화학
,주거용건물개발공급업,건설·건축·토목·시공,건설업
,비주거용건물개발공급업,건설·건축·토목·시공,건설업
,자동차용신품조향장치현가장치제조업,기계·설비·자동차,제조·화학
,냉간압연압출제품제조업,석유·화학·에너지,제조·화학
,전자부품제조업,전기·전자·제어,제조·화학
,자료처리호스팅포털인터넷정보매개서비스업,웹에이젼시,IT·웹·통신
,통신판매업,판매,판매∙유통
,건축설계관련서비스업,건설·건축·토목·시공,건설업
,오프셋인쇄업,출판·인쇄·사진,미디어·디자인
,화장품제조업,화장품·뷰티,제조·화학
,일반용도료관련제품제조업,석유·화학·에너지,제조·화학
,콜센터텔레마케팅서비스업,기타서비스업,서비스업
,호텔업,호텔·여행·항공,서비스업
,일반생활숙박시설운영업,호텔·여행·항공,서비스업
,의약품도매업,유통·무역·상사,판매∙유통
,주거용건물개발공급업,건설·건축·토목·시공,건설업
,축전지제조업,전기·전자·제어,제조·화학
,영화비디오물방송프로그램제작관련서비스업,영화·배급·음악,미디어·디자인
,액체연료관련제품도매업,유통·무역·상사,판매∙유통
,운송장비용주유소운영업,AS·카센터·주유,서비스업
,여객자동차터미널운영업,호텔·여행·항공,서비스업
,사업지원서비스업,기타서비스업,서비스업
,의약품도매업,유통·무역·상사,판매∙유통
,통신판매업,판매,판매∙유통
,자동차트레일러제조업,기계·설비·자동차,제조·화학
,산업용기계장비도매업,유통·무역·상사,판매∙유통
,옥외시설물축조관련전문공사업,환경·설비,건설업
,철강제조업,금속·재료·철강·요업,제조·화학
,응용소프트웨어개발공급업,솔루션·SI·ERP·CRM,IT·웹·통신
,부동산개발공급업,건설·건축·토목·시공,건설업
,접착제젤라틴제조업,석유·화학·에너지,제조·화학
,부동산중개대리업,부동산·임대·중개,건설업
,임시일용인력공급업,시설관리·경비·용역,서비스업
,비주거용건물임대업,부동산·임대·중개,건설업
,게임소프트웨어개발공급업,게임,IT·웹·통신
,호텔업,호텔·여행·항공,서비스업
,호텔업,호텔·여행·항공,서비스업
,호텔업,호텔·여행·항공,서비스업
,주거용건물개발공급업,건설·건축·토목·시공,건설업
,셔츠블라우스제조업,섬유·의류·패션,제조·화학
,비주거용건물임대업,부동산·임대·중개,건설업
,부동산개발공급업,건설·건축·토목·시공,건설업
,아파트건설업,건설·건축·토목·시공,건설업
,주방용음식점용목재가구제조업,생활용품·소비재·사무,제조·화학
,화장품제조업,화장품·뷰티,제조·화학
,도로화물운송업,운송·운수·물류,판매∙유통
,건설채광용기계장비제조업,기계·설비·자동차,제조·화학
,화학물질화학제품도매업,유통·무역·상사,판매∙유통
,의복의복액세서리모피제품제조업,섬유·의류·패션,제조·화학
,의료용품의약관련제품제조업,제약·보건·바이오,의료·제약·복지
,부동산업,부동산·임대·중개,건설업
,상품종합도매업,유통·무역·상사,판매∙유통
,자동차용신품조향장치현가장치제조업,기계·설비·자동차,제조·화학
,비주거용건물개발공급업,건설·건축·토목·시공,건설업
,응용소프트웨어개발공급업,솔루션·SI·ERP·CRM,IT·웹·통신
,지상파방송업,방송사·케이블,미디어·디자인
,프로그램공급업,솔루션·SI·ERP·CRM,IT·웹·통신
,영화비디오물방송프로그램제작배급업,영화·배급·음악,미디어·디자인
,영화비디오물방송프로그램제작배급업,영화·배급·음악,미디어·디자인
,화장품제조업,화장품·뷰티,제조·화학
,주거용건물개발공급업,건설·건축·토목·시공,건설업
,가정용전기기기제조업,생활용품·소비재·사무,제조·화학
,발광다이오드제조업,반도체·광학·LCD,제조·화학
,산업처리공정제어장비제조업,기계·설비·자동차,제조·화학
,전자부품실장기판제조업,전기·전자·제어,제조·화학
,철도운송업,운송·운수·물류,판매∙유통
,비주거용건물임대업,부동산·임대·중개,건설업
,비주거용건물임대업,부동산·임대·중개,건설업
,시스템소프트웨어개발공급업,솔루션·SI·ERP·CRM,IT·웹·통신
,콜센터텔레마케팅서비스업,기타서비스업,서비스업
,자동차임대업,렌탈·임대,서비스업
,기계장비도매업,유통·무역·상사,판매∙유통
,자동차용신품조향장치현가장치제조업,기계·설비·자동차,제조·화학
,특수목적용기계제조업,기계·설비·자동차,제조·화학
,전자집적회로제조업,전기·전자·제어,제조·화학
,기초무기화학물질제조업,석유·화학·에너지,제조·화학
,합금철제조업,금속·재료·철강·요업,제조·화학
,자동차부품제조업,기계·설비·자동차,제조·화학
,자동차용신품조향장치현가장치제조업,기계·설비·자동차,제조·화학
,운송장비조립용플라스틱제품제조업,석유·화학·에너지,제조·화학
,자동차용신품조향장치현가장치제조업,기계·설비·자동차,제조·화학
,슈퍼마켓,판매,판매∙유통
,자동차용신품조향장치현가장치제조업,기계·설비·자동차,제조·화학
,선박구성부분품제조업,조선·항공·우주,제조·화학
,음악오디오물출판업,영화·배급·음악,미디어·디자인
,선박구성부분품제조업,조선·항공·우주,제조·화학
,영화비디오물방송프로그램제작배급업,영화·배급·음악,미디어·디자인
,물품취급장비제조업,기계·설비·자동차,제조·화학
,생활용섬유직물제품도매업,유통·무역·상사,판매∙유통
,경영컨설팅업,연구소·컨설팅·조사,기관∙협회
,가전제품소매업,판매,판매∙유통
,비주거용건물임대업,부동산·임대·중개,건설업
,보안시스템서비스업,정보보안·백신,IT·웹·통신
,자동차신품부품제조업,기계·설비·자동차,제조·화학
,자동차신품부품제조업,기계·설비·자동차,제조·화학
,자동차신품부품제조업,기계·설비·자동차,제조·화학
,가죽제품제조업,섬유·의류·패션,제조·화학
,스포츠클럽운영업,레저·스포츠·여가,서비스업
,경비경호서비스업,시설관리·경비·용역,서비스업
,전자부품제조업,전기·전자·제어,제조·화학
,교육지원서비스업,학원·어학원,교육업
,주거용건물개발공급업,건설·건축·토목·시공,건설업
,화력발전업,석유·화학·에너지,제조·화학
,자전거환자용차량제조업,기계·설비·자동차,제조·화학
,컴퓨터시스템통합자문구축서비스업,IT컨설팅,IT·웹·통신
,식료품담배도매업,유통·무역·상사,판매∙유통
,플라스틱포대봉투유사제품제조업,석유·화학·에너지,제조·화학
,아파트건설업,건설·건축·토목·시공,건설업
,안경안경렌즈제조업,생활용품·소비재·사무,제조·화학
,밸브유사장치제조업,기타제조업,제조·화학
,기체여과기제조업,기계·설비·자동차,제조·화학
,항공운송업,운송·운수·물류,판매∙유통
,반도체디스플레이제조용기계제조업,반도체·광학·LCD,제조·화학
,통신방송장비부품도매업,유통·무역·상사,판매∙유통
,보안시스템서비스업,정보보안·백신,IT·웹·통신
,화장품제조업,화장품·뷰티,제조·화학
,섬유의복가죽가공기계제조업,섬유·의류·패션,제조·화학
,신발소매업,판매,판매∙유통
,방송무선통신장비제조업,네트워크·통신·모바일,IT·웹·통신
,자동차부품제조업,기계·설비·자동차,제조·화학
,전기용기계장비관련기자재도매업,유통·무역·상사,판매∙유통
,방송무선통신장비제조업,네트워크·통신·모바일,IT·웹·통신
,지주회사,기타금융,은행·금융업
,자동차용신품조향장치현가장치제조업,기계·설비·자동차,제조·화학
,자동차신품부품제조업,기계·설비·자동차,제조·화학
,자동차용신품조향장치현가장치제조업,기계·설비·자동차,제조·화학
,인쇄회로기판전자부품실장기판제조업,전기·전자·제어,제조·화학
,부동산업,부동산·임대·중개,건설업
,디스플레이제조용기계제조업,기계·설비·자동차,제조·화학
,목재건축자재중개업,부동산·임대·중개,건설업
,주거용건물개발공급업,건설·건축·토목·시공,건설업
,광고대행업,광고·홍보·전시,미디어·디자인
,자동차용신품조향장치현가장치제조업,기계·설비·자동차,제조·화학
,자동차차체용부품제조업,기계·설비·자동차,제조·화학
,임시일용인력공급업,시설관리·경비·용역,서비스업
,자동차용신품조향장치현가장치제조업,기계·설비·자동차,제조·화학
,비주거용건물임대업,부동산·임대·중개,건설업
,장례식장장의관련서비스업,웨딩·장례·이벤트,서비스업
,보험대리중개업,증권·보험·카드,은행·금융업
,부동산개발공급업,건설·건축·토목·시공,건설업
,주거용건물개발공급업,건설·건축·토목·시공,건설업
,부동산개발공급업,건설·건축·토목·시공,건설업
,부동산개발공급업,건설·건축·토목·시공,건설업
,주거용건물개발공급업,건설·건축·토목·시공,건설업
,여신금융업,은행·금융·저축,은행·금융업
,주거용건물개발공급업,건설·건축·토목·시공,건설업
,봉제의복제조업,섬유·의류·패션,제조·화학
,자동차신품판매업,판매,판매∙유통
,무선위성통신업,네트워크·통신·모바일,IT·웹·통신
,건축설계관련서비스업,건설·건축·토목·시공,건설업
,도배실내장식내장목공사업,실내·인테리어·조경,건설업
,응용소프트웨어개발공급업,솔루션·SI·ERP·CRM,IT·웹·통신
,정기광고간행물발행업,광고·홍보·전시,미디어·디자인
,스포츠서비스업,레저·스포츠·여가,서비스업
,유선온라인게임소프트웨어개발공급업,게임,IT·웹·통신
,건설용석재채굴쇄석생산업,건설·건축·토목·시공,건설업
,지반조성건설업,건설·건축·토목·시공,건설업
,통신판매업,판매,판매∙유통
,비디오영상기기제조업,기계·설비·자동차,제조·화학
,전기공사업,환경·설비,건설업
,데이터베이스온라인정보제공업,솔루션·SI·ERP·CRM,IT·웹·통신
,컴퓨터시설관리업,하드웨어·장비,IT·웹·통신
,서적출판업,출판·인쇄·사진,미디어·디자인
,데이터베이스온라인정보제공업,솔루션·SI·ERP·CRM,IT·웹·통신
,시스템소프트웨어개발공급업,솔루션·SI·ERP·CRM,IT·웹·통신
,광고대행업,광고·홍보·전시,미디어·디자인
,부동산업,부동산·임대·중개,건설업
,지주회사,기타금융,은행·금융업
,축전지제조업,전기·전자·제어,제조·화학
,축전지제조업,전기·전자·제어,제조·화학
,증류기열교환기가스발생기제조업,기계·설비·자동차,제조·화학
,중고상품소매업,판매,판매∙유통
,상품중개업,유통·무역·상사,판매∙유통
,치약비누세제제조업,생활용품·소비재·사무,제조·화학
,컴퓨터시스템통합자문구축서비스업,IT컨설팅,IT·웹·통신
,무선위성통신업,네트워크·통신·모바일,IT·웹·통신
,금속셔터관련제품제조업,금속·재료·철강·요업,제조·화학
,건축용플라스틱제품제조업,석유·화학·에너지,제조·화학
,석유화학계기초화학물질제조업,석유·화학·에너지,제조·화학
,구두류제조업,섬유·의류·패션,제조·화학
,화학물질화학제품도매업,유통·무역·상사,판매∙유통
,일반용도료관련제품제조업,석유·화학·에너지,제조·화학
,주거용건물건설업,건설·건축·토목·시공,건설업
,지상파방송업,방송사·케이블,미디어·디자인
,전기통신업,네트워크·통신·모바일,IT·웹·통신
,사업지원서비스업,기타서비스업,서비스업
,지상파방송업,방송사·케이블,미디어·디자인
,유선방송업,방송사·케이블,미디어·디자인
,유원지테마파크운영업,레저·스포츠·여가,서비스업
,부동산업,부동산·임대·중개,건설업
,남녀용겉옷셔츠도매업,유통·무역·상사,판매∙유통
,주거용건물개발공급업,건설·건축·토목·시공,건설업
,비디오영상기기제조업,기계·설비·자동차,제조·화학
,자동차신품부품제조업,기계·설비·자동차,제조·화학
,골프장운영업,레저·스포츠·여가,서비스업
,무선위성통신업,네트워크·통신·모바일,IT·웹·통신
,부동산개발공급업,건설·건축·토목·시공,건설업
,의약품도매업,유통·무역·상사,판매∙유통
,신발제조업,섬유·의류·패션,제조·화학
,타이어재생업,AS·카센터·주유,서비스업
,핸드백지갑제조업,섬유·의류·패션,제조·화학
,식료품담배도매업,유통·무역·상사,판매∙유통
,주거용건물개발공급업,건설·건축·토목·시공,건설업
,광고대행업,광고·홍보·전시,미디어·디자인
,식물원동물원운영업,기타서비스업,서비스업
,포장용플라스틱성형용기제조업,석유·화학·에너지,제조·화학
,뉴스제공업,신문·잡지·언론사,미디어·디자인
,데이터베이스온라인정보제공업,솔루션·SI·ERP·CRM,IT·웹·통신
,전자감지장치제조업,전기·전자·제어,제조·화학
,도금착색표면처리강재제조업,금속·재료·철강·요업,제조·화학
,주거용건물임대업,부동산·임대·중개,건설업
,부동산개발공급업,건설·건축·토목·시공,건설업
,컴퓨터주변장치소프트웨어도매업,유통·무역·상사,판매∙유통
,상품종합도매업,유통·무역·상사,판매∙유통
,남자용겉옷제조업,섬유·의류·패션,제조·화학
,담배도매업,유통·무역·상사,판매∙유통
,아연제련정련합금제조업,금속·재료·철강·요업,제조·화학
,서적신문잡지류소매업,판매,판매∙유통
,육상금속골조구조재제조업,금속·재료·철강·요업,제조·화학
,주거용건물건설업,건설·건축·토목·시공,건설업
,연료용가스제조배관공급업,기계·설비·자동차,제조·화학
,지주회사,기타금융,은행·금융업
,스키장운영업,레저·스포츠·여가,서비스업
,접착제젤라틴제조업,석유·화학·에너지,제조·화학
,식품첨가물제조업,식품가공·개발,제조·화학
,자동차용엔진제조업,기계·설비·자동차,제조·화학
,선박구성부분품제조업,조선·항공·우주,제조·화학
,선박건조업,조선·항공·우주,제조·화학
,과자류코코아제품제조업,식품가공·개발,제조·화학
,광고대행업,광고·홍보·전시,미디어·디자인
,부동산업,부동산·임대·중개,건설업
,전동기발전기제조업,석유·화학·에너지,제조·화학
,주거용건물임대업,부동산·임대·중개,건설업
,부동산개발공급업,건설·건축·토목·시공,건설업
,부동산업,부동산·임대·중개,건설업
,자동차신품부품내장품판매업,판매,판매∙유통
,스포츠오락관련서비스업,레저·스포츠·여가,서비스업
,컴퓨터시스템통합자문구축서비스업,IT컨설팅,IT·웹·통신
,비주거용건물임대업,부동산·임대·중개,건설업
,주거용건물개발공급업,건설·건축·토목·시공,건설업
,담배도매업,유통·무역·상사,판매∙유통
,호텔업,호텔·여행·항공,서비스업
,상품종합중개업,유통·무역·상사,판매∙유통
,해수면양식어업,농업·어업·광업·임업,제조·화학
,애니메이션영화비디오물제작업,영화·배급·음악,미디어·디자인
,육류가공업,식품가공·개발,제조·화학
,비주거용건물임대업,부동산·임대·중개,건설업
,일반서적출판업,출판·인쇄·사진,미디어·디자인
,데이터베이스온라인정보제공업,솔루션·SI·ERP·CRM,IT·웹·통신
,전자부품제조업,전기·전자·제어,제조·화학
,직물도매업,유통·무역·상사,판매∙유통
,부동산개발공급업,건설·건축·토목·시공,건설업
,음악오디오물출판업,영화·배급·음악,미디어·디자인
,호환성공구제조업,기타제조업,제조·화학
,스포츠오락관련서비스업,레저·스포츠·여가,서비스업
,자동차트레일러제조업,기계·설비·자동차,제조·화학
,휴양콘도운영업,호텔·여행·항공,서비스업
,아파트건설업,건설·건축·토목·시공,건설업
,주거용건물개발공급업,건설·건축·토목·시공,건설업
,부동산임대업,부동산·임대·중개,건설업
,통신판매업,판매,판매∙유통
,주거용건물개발공급업,건설·건축·토목·시공,건설업
,임시일용인력공급업,시설관리·경비·용역,서비스업
,아파트건설업,건설·건축·토목·시공,건설업
,시계귀금속제품도매업,유통·무역·상사,판매∙유통
,아파트건설업,건설·건축·토목·시공,건설업
,아파트건설업,건설·건축·토목·시공,건설업
,주거용건물건설업,건설·건축·토목·시공,건설업
,아파트건설업,건설·건축·토목·시공,건설업
,아파트건설업,건설·건축·토목·시공,건설업
,곡물가공품전분전분제품제조업,식품가공·개발,제조·화학
,아파트건설업,건설·건축·토목·시공,건설업
,전자부품컴퓨터영상음향통신장비제조업,전기·전자·제어,제조·화학
,전자부품제조업,전기·전자·제어,제조·화학
,지주회사,기타금융,은행·금융업
,전기용기계장비관련기자재도매업,유통·무역·상사,판매∙유통
,특수목적용기계제조업,기계·설비·자동차,제조·화학
,지상파방송업,방송사·케이블,미디어·디자인
,지주회사,기타금융,은행·금융업
,초등교육기관,초중고·대학,교육업
,출판업,출판·인쇄·사진,미디어·디자인
,유원지오락관련서비스업,레저·스포츠·여가,서비스업
,아파트건설업,건설·건축·토목·시공,건설업
,선박구성부분품제조업,조선·항공·우주,제조·화학
,건설토목공사용기계장비임대업,렌탈·임대,서비스업
,전자감지장치제조업,전기·전자·제어,제조·화학
,화학물질화학제품도매업,유통·무역·상사,판매∙유통
,지주회사,기타금융,은행·금융업
,부동산업,부동산·임대·중개,건설업
,오프셋인쇄업,출판·인쇄·사진,미디어·디자인
,정형내화요업제품제조업,금속·재료·철강·요업,제조·화학
,종합스포츠시설운영업,레저·스포츠·여가,서비스업
,기관구내식당업,외식업·식음료,서비스업
,온라인모바일게임소프트웨어개발공급업,게임,IT·웹·통신
,대형마트,판매,판매∙유통
,증류기열교환기가스발생기제조업,기계·설비·자동차,제조·화학
,게임소프트웨어개발공급업,게임,IT·웹·통신
,전자상거래소매중개업,유통·무역·상사,판매∙유통
,다이오드트랜지스터유사반도체소자제조업,반도체·광학·LCD,제조·화학
,남녀용겉옷셔츠도매업,유통·무역·상사,판매∙유통
,콜센터텔레마케팅서비스업,기타서비스업,서비스업
,광고대행업,광고·홍보·전시,미디어·디자인
,기초무기화학물질제조업,석유·화학·에너지,제조·화학
,상품종합도매업,유통·무역·상사,판매∙유통
,다이오드트랜지스터유사반도체소자제조업,반도체·광학·LCD,제조·화학
,부동산개발공급업,건설·건축·토목·시공,건설업
,임시일용인력공급업,시설관리·경비·용역,서비스업
,자동차용신품조향장치현가장치제조업,기계·설비·자동차,제조·화학
,자동차용신품조향장치현가장치제조업,기계·설비·자동차,제조·화학
,절연선케이블제조업,전기·전자·제어,제조·화학
,자동차용신품조향장치현가장치제조업,기계·설비·자동차,제조·화학
,절연코드세트도체제조업,전기·전자·제어,제조·화학
,부동산개발공급업,건설·건축·토목·시공,건설업
,주거용건물개발공급업,건설·건축·토목·시공,건설업
,주거용건물개발공급업,건설·건축·토목·시공,건설업
,일반기계장비수리업,AS·카센터·주유,서비스업
,금속제품도매업,유통·무역·상사,판매∙유통
,무선통신장비제조업,네트워크·통신·모바일,IT·웹·통신
,시스템소프트웨어개발공급업,솔루션·SI·ERP·CRM,IT·웹·통신
,육상여객운송업,운송·운수·물류,판매∙유통
,아파트건설업,건설·건축·토목·시공,건설업
,건축설계관련서비스업,건설·건축·토목·시공,건설업
,강관제조업,금속·재료·철강·요업,제조·화학
,부동산임대업,부동산·임대·중개,건설업
,부동산업,부동산·임대·중개,건설업
,완제의약품제조업,제약·보건·바이오,의료·제약·복지
,의약품제조업,제약·보건·바이오,제조·화학
,바이오연료혼합물제조업,석유·화학·에너지,제조·화학
,의약용화합물항생물질제조업,제약·보건·바이오,제조·화학
,표면가공목재특정목적용제재목제조업,가구·목재·제지,제조·화학
,광고대행업,광고·홍보·전시,미디어·디자인
,화장품화장용품도매업,유통·무역·상사,판매∙유통
,음식점업,외식업·식음료,서비스업
,전자부품제조업,전기·전자·제어,제조·화학
,자동차신품부품제조업,기계·설비·자동차,제조·화학
,백화점,판매,판매∙유통
,대형마트,판매,판매∙유통
,패션섬유류전문디자인업,섬유·의류·패션,제조·화학
,편조의복제조업,섬유·의류·패션,제조·화학
,내륙수상여객화물운송업,운송·운수·물류,판매∙유통
,휴양콘도운영업,호텔·여행·항공,서비스업
,종합소매업,판매,판매∙유통
,체인화편의점,유통·무역·상사,판매∙유통
,슈퍼마켓,판매,판매∙유통
,전자상거래소매중개업,유통·무역·상사,판매∙유통
,컴퓨터주변장치소프트웨어도매업,유통·무역·상사,판매∙유통
,정보서비스업,IT컨설팅,IT·웹·통신
,자동차용신품동력전달장치제조업,기계·설비·자동차,제조·화학
,지주회사,기타금융,은행·금융업
,의료용품의약관련제품제조업,제약·보건·바이오,의료·제약·복지
,인쇄회로기판용적층판제조업,전기·전자·제어,제조·화학
,인쇄회로기판전자부품실장기판제조업,전기·전자·제어,제조·화학
,석유화학계기초화학물질제조업,석유·화학·에너지,제조·화학
,축전지제조업,전기·전자·제어,제조·화학
,다이오드트랜지스터유사반도체소자제조업,반도체·광학·LCD,제조·화학
,화학제품제조업,석유·화학·에너지,제조·화학
,절연선케이블제조업,전기·전자·제어,제조·화학
,반도체제조용기계제조업,반도체·광학·LCD,제조·화학
,유원지테마파크운영업,레저·스포츠·여가,서비스업
,강관제조업,금속·재료·철강·요업,제조·화학
,전문도매업,유통·무역·상사,판매∙유통
,전문도매업,유통·무역·상사,판매∙유통
,주거용건물개발공급업,건설·건축·토목·시공,건설업
,주거용건물임대업,부동산·임대·중개,건설업
,주거용건물개발공급업,건설·건축·토목·시공,건설업
,프로그램공급업,솔루션·SI·ERP·CRM,IT·웹·통신
,발광다이오드제조업,반도체·광학·LCD,제조·화학
,데이터베이스온라인정보제공업,솔루션·SI·ERP·CRM,IT·웹·통신
,비주거용건물건설업,건설·건축·토목·시공,건설업
,컴퓨터주변장치소프트웨어도매업,유통·무역·상사,판매∙유통
,부동산임대공급업,부동산·임대·중개,건설업
,컴퓨터주변장치제조업,전기·전자·제어,제조·화학
,주거용건물개발공급업,건설·건축·토목·시공,건설업
,주거용건물개발공급업,건설·건축·토목·시공,건설업
,기술시험검사분석업,연구소·컨설팅·조사,기관∙협회
,경주장운영업,시설관리·경비·용역,서비스업
,소매업자동차제외,판매,판매∙유통
,의약품도매업,유통·무역·상사,판매∙유통
,상품종합도매업,유통·무역·상사,판매∙유통
,화물포장검수계량서비스업,유통·무역·상사,판매∙유통
,통신판매업,판매,판매∙유통
,공연시설운영업,레저·스포츠·여가,서비스업
,전자상거래소매중개업,유통·무역·상사,판매∙유통
,지주회사,기타금융,은행·금융업
,인쇄회로기판용적층판제조업,전기·전자·제어,제조·화학
,부동산업,부동산·임대·중개,건설업
,종이원지판지종이상자도매업,유통·무역·상사,판매∙유통
,주거용건물개발공급업,건설·건축·토목·시공,건설업
,소프트웨어개발공급업,솔루션·SI·ERP·CRM,IT·웹·통신
,비주거용건물임대업,부동산·임대·중개,건설업
,원목건축관련목제품도매업,유통·무역·상사,판매∙유통
,아파트건설업,건설·건축·토목·시공,건설업
,아파트건설업,건설·건축·토목·시공,건설업
,식물원동물원운영업,기타서비스업,서비스업
,폐수처리업,환경·설비,건설업
,증류기열교환기가스발생기제조업,기계·설비·자동차,제조·화학
,전기용기계장비관련기자재도매업,유통·무역·상사,판매∙유통
,토공사업,건설·건축·토목·시공,건설업
,자동차용신품조향장치현가장치제조업,기계·설비·자동차,제조·화학
,자동차용신품조향장치현가장치제조업,기계·설비·자동차,제조·화학
,자동차용전용신품부품판매업,판매,판매∙유통
,자동차용신품조향장치현가장치제조업,기계·설비·자동차,제조·화학
,비알코올음료제조업,식품가공·개발,제조·화학
,비알코올음료제조업,식품가공·개발,제조·화학
,상품종합도매업,유통·무역·상사,판매∙유통
,부동산업,부동산·임대·중개,건설업
,자동차부품판매업,판매,판매∙유통
,일반서적출판업,출판·인쇄·사진,미디어·디자인
,일반화물자동차운송업,운송·운수·물류,판매∙유통
,인쇄물출판업,출판·인쇄·사진,미디어·디자인
,지상파방송업,방송사·케이블,미디어·디자인
,신문용지제조업,가구·목재·제지,제조·화학
,주거용건물개발공급업,건설·건축·토목·시공,건설업
,플라스틱호스제조업,석유·화학·에너지,제조·화학
,플라스틱합성피혁제조업,석유·화학·에너지,제조·화학
,일반교습학원,학원·어학원,교육업
,식물성유지제조업,석유·화학·에너지,제조·화학
,태양력발전업,석유·화학·에너지,제조·화학
,위험물품보관업,운송·운수·물류,판매∙유통
,식품첨가물제조업,식품가공·개발,제조·화학
,상품종합도매업,유통·무역·상사,판매∙유통
,전자부품제조업,전기·전자·제어,제조·화학
,화장품제조업,화장품·뷰티,제조·화학
,임시일용인력공급업,시설관리·경비·용역,서비스업
,골프장운영업,레저·스포츠·여가,서비스업
,디스플레이제조용기계제조업,기계·설비·자동차,제조·화학
,임시일용인력공급업,시설관리·경비·용역,서비스업
,비주거용건물임대업,부동산·임대·중개,건설업
,합성수지플라스틱물질제조업,석유·화학·에너지,제조·화학
,프로그램공급업,솔루션·SI·ERP·CRM,IT·웹·통신
,비주거용건물개발공급업,건설·건축·토목·시공,건설업
,신용조사추심대행업,은행·금융·저축,은행·금융업
,석탄화학계화합물기초유기화학물질제조업,석유·화학·에너지,제조·화학
,일반영화비디오물제작업,영화·배급·음악,미디어·디자인
,지주회사,기타금융,은행·금융업
,주거용건물개발공급업,건설·건축·토목·시공,건설업
,교육지원서비스업,학원·어학원,교육업
,아파트건설업,건설·건축·토목·시공,건설업
,광고대행업,광고·홍보·전시,미디어·디자인
,건물토목엔지니어링서비스업,건설·건축·토목·시공,건설업
,사업지원서비스업,기타서비스업,서비스업
,사업시설유지관리서비스업,시설관리·경비·용역,서비스업
,소주제조업,식품가공·개발,제조·화학
,부동산업,부동산·임대·중개,건설업
,항공여객운송업,운송·운수·물류,판매∙유통
,자동차용신품조향장치현가장치제조업,기계·설비·자동차,제조·화학
,복합비료화학비료제조업,석유·화학·에너지,제조·화학
,신문발행업,출판·인쇄·사진,미디어·디자인
,게임소프트웨어개발공급업,게임,IT·웹·통신
,자동차용신품조향장치현가장치제조업,기계·설비·자동차,제조·화학
,완제의약품제조업,제약·보건·바이오,의료·제약·복지
,지주회사,기타금융,은행·금융업
,건축설계관련서비스업,건설·건축·토목·시공,건설업
,아파트건설업,건설·건축·토목·시공,건설업
,주거용부동산관리업,부동산·임대·중개,건설업
,아파트건설업,건설·건축·토목·시공,건설업
,아파트건설업,건설·건축·토목·시공,건설업
,비주거용건물개발공급업,건설·건축·토목·시공,건설업
,상품종합도매업,유통·무역·상사,판매∙유통
,자료처리호스팅포털인터넷정보매개서비스업,웹에이젼시,IT·웹·통신
,사업지원서비스업,기타서비스업,서비스업
,사업시설유지관리서비스업,시설관리·경비·용역,서비스업
,전자기측정시험분석기구제조업,전기·전자·제어,제조·화학
,제련정련합금제조업,금속·재료·철강·요업,제조·화학
,사행시설관리운영업,시설관리·경비·용역,서비스업
,광섬유케이블제조업,반도체·광학·LCD,제조·화학
,상품종합도매업,유통·무역·상사,판매∙유통
,광고업,광고·홍보·전시,미디어·디자인
,화력발전업,석유·화학·에너지,제조·화학
,체인화편의점,유통·무역·상사,판매∙유통
,스포츠클럽운영업,레저·스포츠·여가,서비스업
,시스템소프트웨어개발공급업,솔루션·SI·ERP·CRM,IT·웹·통신
,증류기열교환기가스발생기제조업,기계·설비·자동차,제조·화학
,증기온수공기조절공급업,환경·설비,건설업
,콜센터텔레마케팅서비스업,기타서비스업,서비스업
,증기온수공기조절공급업,환경·설비,건설업
,발전업,석유·화학·에너지,제조·화학
,텔레비전방송업,방송사·케이블,미디어·디자인
,상품종합도매업,유통·무역·상사,판매∙유통
,강선건조업,조선·항공·우주,제조·화학
,자동차차체용신품부품제조업,기계·설비·자동차,제조·화학
,해체선별원료재생업,금속·재료·철강·요업,제조·화학
,전자감지장치제조업,전기·전자·제어,제조·화학
,의약품도매업,유통·무역·상사,판매∙유통
,상품종합도매업,유통·무역·상사,판매∙유통
,지주회사,기타금융,은행·금융업
,소주제조업,식품가공·개발,제조·화학
,경영컨설팅업,연구소·컨설팅·조사,기관∙협회
,건설채광용기계장비제조업,기계·설비·자동차,제조·화학
,지주회사,기타금융,은행·금융업
,항공여객운송업,운송·운수·물류,판매∙유통
,볼트너트류제조업,기타제조업,제조·화학
,아연제련정련합금제조업,금속·재료·철강·요업,제조·화학
,지주회사,기타금융,은행·금융업
,정보서비스업,IT컨설팅,IT·웹·통신
,전문직별공사업,건설·건축·토목·시공,건설업
,도매상품중개업,유통·무역·상사,판매∙유통
,육류가공업,식품가공·개발,제조·화학
,비철금속제조업,기계·설비·자동차,제조·화학
,신발제조업,섬유·의류·패션,제조·화학
,디지털적층성형기계제조업,기계·설비·자동차,제조·화학
,전기공사업,환경·설비,건설업
,주거용건물개발공급업,건설·건축·토목·시공,건설업
,주거용건물개발공급업,건설·건축·토목·시공,건설업
,주정제조업,석유·화학·에너지,제조·화학
,일반화물자동차운송업,운송·운수·물류,판매∙유통
,자동차신품판매업,판매,판매∙유통
,일반서적출판업,출판·인쇄·사진,미디어·디자인
,토목시설물건설업,건설·건축·토목·시공,건설업
,부동산개발공급업,건설·건축·토목·시공,건설업
,아파트건설업,건설·건축·토목·시공,건설업
,부동산개발공급업,건설·건축·토목·시공,건설업
,의약품도매업,유통·무역·상사,판매∙유통
,아파트건설업,건설·건축·토목·시공,건설업
,부동산개발공급업,건설·건축·토목·시공,건설업
,육류가공업,식품가공·개발,제조·화학
,상품종합도매업,유통·무역·상사,판매∙유통
,소주제조업,식품가공·개발,제조·화학
,동물용사료조제식품제조업,기타제조업,제조·화학
,세제화장품광택제제조업,화장품·뷰티,제조·화학
,부동산업,부동산·임대·중개,건설업
,부동산중개대리업,부동산·임대·중개,건설업
,부동산개발공급업,건설·건축·토목·시공,건설업
,부동산개발공급업,건설·건축·토목·시공,건설업
,포털인터넷정보매개서비스업,웹에이젼시,IT·웹·통신
,유선온라인게임소프트웨어개발공급업,게임,IT·웹·통신
,음악오디오물출판업,영화·배급·음악,미디어·디자인
,커피가공업,외식업·식음료,서비스업
,자동차용신품조향장치현가장치제조업,기계·설비·자동차,제조·화학
,석탄화학계화합물기초유기화학물질제조업,석유·화학·에너지,제조·화학
,항공기용부품제조업,조선·항공·우주,제조·화학
,골프장운영업,레저·스포츠·여가,서비스업
,전자부품제조업,전기·전자·제어,제조·화학
,경비경호서비스업,시설관리·경비·용역,서비스업
,부동산개발공급업,건설·건축·토목·시공,건설업
,광고대행업,광고·홍보·전시,미디어·디자인
,게임소프트웨어개발공급업,게임,IT·웹·통신
,컴퓨터주변장치소프트웨어도매업,유통·무역·상사,판매∙유통
,전기장비제조업,전기·전자·제어,제조·화학
,태양력발전업,석유·화학·에너지,제조·화학
,비주거용건물임대업,부동산·임대·중개,건설업
,비주거용건물임대업,부동산·임대·중개,건설업
,손해사정업,은행·금융·저축,은행·금융업
,프로그램공급업,솔루션·SI·ERP·CRM,IT·웹·통신
,일반용도료관련제품제조업,석유·화학·에너지,제조·화학
,아파트건설업,건설·건축·토목·시공,건설업
,종이원지판지종이상자도매업,유통·무역·상사,판매∙유통
,기체여과기제조업,기계·설비·자동차,제조·화학
,옥외시설물축조관련전문공사업,환경·설비,건설업
,일반화물자동차운송업,운송·운수·물류,판매∙유통
,콘크리트철근공사업,건설·건축·토목·시공,건설업
,비주거용건물개발공급업,건설·건축·토목·시공,건설업
,전기통신업,네트워크·통신·모바일,IT·웹·통신
,외항화물운송업,운송·운수·물류,판매∙유통
,치킨전문점,외식업·식음료,서비스업
,지상파방송업,방송사·케이블,미디어·디자인
,경영컨설팅업,연구소·컨설팅·조사,기관∙협회
,경영컨설팅업,연구소·컨설팅·조사,기관∙협회
,섬유제품제조업,섬유·의류·패션,제조·화학
,자동차용신품조향장치현가장치제조업,기계·설비·자동차,제조·화학
,의료용품의약관련제품제조업,제약·보건·바이오,의료·제약·복지
,석탄화학계화합물기초유기화학물질제조업,석유·화학·에너지,제조·화학
,부동산임대업,부동산·임대·중개,건설업
,액체연료관련제품도매업,유통·무역·상사,판매∙유통
,다이오드트랜지스터유사반도체소자제조업,반도체·광학·LCD,제조·화학
,비주거용건물임대업,부동산·임대·중개,건설업
,모터사이클부품소매업,판매,판매∙유통
,회사본부경영컨설팅서비스업,연구소·컨설팅·조사,기관∙협회
,택배업,운송·운수·물류,판매∙유통
,골프장운영업,레저·스포츠·여가,서비스업
,방문판매업,판매,판매∙유통
,건강기능식품제조업,식품가공·개발,제조·화학
,건설장비운영업,시설관리·경비·용역,서비스업
,시스템소프트웨어개발공급업,솔루션·SI·ERP·CRM,IT·웹·통신
,전문과학기술서비스업,연구소·컨설팅·조사,기관∙협회
,전기통신업,네트워크·통신·모바일,IT·웹·통신
,컴퓨터시스템통합자문구축서비스업,IT컨설팅,IT·웹·통신
,무선위성통신업,네트워크·통신·모바일,IT·웹·통신
,전기통신공사업,환경·설비,건설업
,정보서비스업,IT컨설팅,IT·웹·통신
,정보서비스업,IT컨설팅,IT·웹·통신
,데이터베이스온라인정보제공업,솔루션·SI·ERP·CRM,IT·웹·통신
,위성방송업,방송사·케이블,미디어·디자인
,스포츠클럽운영업,레저·스포츠·여가,서비스업
,데이터베이스온라인정보제공업,솔루션·SI·ERP·CRM,IT·웹·통신
,담배제품제조업,식품가공·개발,제조·화학
,의학약학연구개발업,연구소·컨설팅·조사,기관∙협회
,임시일용인력공급업,시설관리·경비·용역,서비스업
,부동산업,부동산·임대·중개,건설업
,부동산업,부동산·임대·중개,건설업
,통신재판매업,판매,판매∙유통
,통신방송장비부품도매업,유통·무역·상사,판매∙유통
,응용소프트웨어개발공급업,솔루션·SI·ERP·CRM,IT·웹·통신
,통신재판매업,판매,판매∙유통
,금융업,은행·금융·저축,은행·금융업
,통관대리관련서비스업,호텔·여행·항공,서비스업
,볼트너트류제조업,기타제조업,제조·화학
,합성섬유제조업,섬유·의류·패션,제조·화학
,화학물질화학제품도매업,유통·무역·상사,판매∙유통
,플라스틱물질합성고무도매업,유통·무역·상사,판매∙유통
,화학제품제조업,석유·화학·에너지,제조·화학
,엔지니어링서비스업,연구소·컨설팅·조사,기관∙협회
,자동차엔진용신품부품제조업,기계·설비·자동차,제조·화학
,임시일용인력공급업,시설관리·경비·용역,서비스업
,자동차용신품조향장치현가장치제조업,기계·설비·자동차,제조·화학
,인쇄회로기판전자부품실장기판제조업,전기·전자·제어,제조·화학
,산업용가스제조업,석유·화학·에너지,제조·화학
,비주거용건물임대업,부동산·임대·중개,건설업
,시외버스운송업,운송·운수·물류,판매∙유통
,무선통신장비제조업,네트워크·통신·모바일,IT·웹·통신
,응용소프트웨어개발공급업,솔루션·SI·ERP·CRM,IT·웹·통신
,해상운송업,운송·운수·물류,판매∙유통
,액정표시장치제조업,반도체·광학·LCD,제조·화학
,피복충전용접봉제조업,금속·재료·철강·요업,제조·화학
,운송장비조립용플라스틱제품제조업,석유·화학·에너지,제조·화학
,부동산임대업,부동산·임대·중개,건설업
,절연선케이블제조업,전기·전자·제어,제조·화학
,상품종합도매업,유통·무역·상사,판매∙유통
,화장품제조업,화장품·뷰티,제조·화학
,비철금속제조업,기계·설비·자동차,제조·화학
,자료처리업,출판·인쇄·사진,미디어·디자인
,화장품화장용품도매업,유통·무역·상사,판매∙유통
,대형마트,판매,판매∙유통
,열간압연압출제품제조업,금속·재료·철강·요업,제조·화학
,기체여과기제조업,기계·설비·자동차,제조·화학
,지주회사,기타금융,은행·금융업
,지주회사,기타금융,은행·금융업
,금융투자업,은행·금융·저축,은행·금융업
,컴퓨터주변장치소프트웨어도매업,유통·무역·상사,판매∙유통
,비주거용건물임대업,부동산·임대·중개,건설업
,비디오영상기기제조업,기계·설비·자동차,제조·화학
,일반용도료관련제품제조업,석유·화학·에너지,제조·화학
,사료도매업,유통·무역·상사,판매∙유통
,위생용산업용도자기제조업,금속·재료·철강·요업,제조·화학
,과자류코코아제품제조업,식품가공·개발,제조·화학
,부동산개발공급업,건설·건축·토목·시공,건설업
,상품종합도매업,유통·무역·상사,판매∙유통
,구조용금속제품제조업,금속·재료·철강·요업,제조·화학
,윤활유그리스제조업,석유·화학·에너지,제조·화학
,임시일용인력공급업,시설관리·경비·용역,서비스업
,부동산개발공급업,건설·건축·토목·시공,건설업
,인쇄회로기판전자부품실장기판제조업,전기·전자·제어,제조·화학
,일반교습학원,학원·어학원,교육업
,교육서비스업,학원·어학원,교육업
,디스플레이제조용기계제조업,기계·설비·자동차,제조·화학
,부동산업,부동산·임대·중개,건설업
,원자력발전업,석유·화학·에너지,제조·화학
,부동산개발공급업,건설·건축·토목·시공,건설업
,경영컨설팅업,연구소·컨설팅·조사,기관∙협회
,플라스틱제품제조업,석유·화학·에너지,제조·화학
,도로건설업,건설·건축·토목·시공,건설업
,수상화물취급업,운송·운수·물류,판매∙유통
,수상화물취급업,운송·운수·물류,판매∙유통
,토목건설업,건설·건축·토목·시공,건설업
,압연압출연신제품제조업,금속·재료·철강·요업,제조·화학
,금속단조제품제조업,금속·재료·철강·요업,제조·화학
,통관대리관련서비스업,호텔·여행·항공,서비스업
,산업용송풍기배기장치제조업,기계·설비·자동차,제조·화학
,가방보호용케이스제조업,생활용품·소비재·사무,제조·화학
,금속제품도매업,유통·무역·상사,판매∙유통
,인쇄회로기판용적층판제조업,전기·전자·제어,제조·화학
,반도체제조용기계제조업,반도체·광학·LCD,제조·화학
,금속절삭기계제조업,금속·재료·철강·요업,제조·화학
,금속포장용기제조업,금속·재료·철강·요업,제조·화학
,선박구성부분품제조업,조선·항공·우주,제조·화학
,전자상거래소매중개업,유통·무역·상사,판매∙유통
,식료품담배중개업,유통·무역·상사,판매∙유통
,무선통신장비제조업,네트워크·통신·모바일,IT·웹·통신
,화장품제조업,화장품·뷰티,제조·화학
,비철금속제련정련합금제조업,기계·설비·자동차,제조·화학
,건축기술엔지니어링관련기술서비스업,건설·건축·토목·시공,건설업
,영상음향기기제조업,기계·설비·자동차,제조·화학
,액정표시장치제조업,반도체·광학·LCD,제조·화학
,산업용섬유세척염색정리가공기계제조업,기계·설비·자동차,제조·화학
,콜센터텔레마케팅서비스업,기타서비스업,서비스업
,부동산개발공급업,건설·건축·토목·시공,건설업
,전자상거래소매중개업,유통·무역·상사,판매∙유통
,유선방송업,방송사·케이블,미디어·디자인
,유선방송업,방송사·케이블,미디어·디자인
,유선방송업,방송사·케이블,미디어·디자인
,컴퓨터시스템통합자문구축서비스업,IT컨설팅,IT·웹·통신
,골프장운영업,레저·스포츠·여가,서비스업
,특수목적용기계제조업,기계·설비·자동차,제조·화학
,사업지원서비스업,기타서비스업,서비스업
,골프장운영업,레저·스포츠·여가,서비스업
,특수목적용기계제조업,기계·설비·자동차,제조·화학
,지정외폐기물처리업,환경,제조·화학
,폐수처리업,환경·설비,건설업
,하수처리업,환경·설비,건설업
,다이오드트랜지스터유사반도체소자제조업,반도체·광학·LCD,제조·화학
,전자집적회로제조업,전기·전자·제어,제조·화학
,항공여객운송업,운송·운수·물류,판매∙유통
,절연선케이블제조업,전기·전자·제어,제조·화학
,의약품도매업,유통·무역·상사,판매∙유통
,프로그램공급업,솔루션·SI·ERP·CRM,IT·웹·통신
,합성섬유제조업,섬유·의류·패션,제조·화학
,일반교과학원,학원·어학원,교육업
,사행시설관리운영업,시설관리·경비·용역,서비스업
,사행시설관리운영업,시설관리·경비·용역,서비스업
,호텔업,호텔·여행·항공,서비스업
,여행사업,호텔·여행·항공,서비스업
,밸브유사장치제조업,기타제조업,제조·화학
,과자류제조업,식품가공·개발,제조·화학
,전기공급제어장치제조업,전기·전자·제어,제조·화학
,전자부품제조업,전기·전자·제어,제조·화학
,운송관련서비스업,운송·운수·물류,판매∙유통
,면류마카로니유사식품제조업,식품가공·개발,제조·화학
,곡물가공품전분전분제품제조업,식품가공·개발,제조·화학
,동물용사료조제식품제조업,기타제조업,제조·화학
,화학살균살충제농업용약제제조업,석유·화학·에너지,제조·화학
,포장용유리용기제조업,금속·재료·철강·요업,제조·화학
,신문발행업,출판·인쇄·사진,미디어·디자인
,오프셋인쇄업,출판·인쇄·사진,미디어·디자인
,부동산업,부동산·임대·중개,건설업
,완제의약품제조업,제약·보건·바이오,의료·제약·복지
,부동산개발공급업,건설·건축·토목·시공,건설업
,주거용건물개발공급업,건설·건축·토목·시공,건설업
,주거용건물개발공급업,건설·건축·토목·시공,건설업
,냉장냉동창고업,운송·운수·물류,판매∙유통
,산업용기계장비도매업,유통·무역·상사,판매∙유통
,자동차용신품조향장치현가장치제조업,기계·설비·자동차,제조·화학
,주형금형제조업,금속·재료·철강·요업,제조·화학
,수상운송업,운송·운수·물류,판매∙유통
,제철제강합금철제조업,금속·재료·철강·요업,제조·화학
,일차전지축전지제조업,전기·전자·제어,제조·화학
,토목시설물건설업,건설·건축·토목·시공,건설업
,경영컨설팅업,연구소·컨설팅·조사,기관∙협회
,엔지니어링서비스업,연구소·컨설팅·조사,기관∙협회
,건축설계관련서비스업,건설·건축·토목·시공,건설업
,비철금속압연압출연신제품제조업,기계·설비·자동차,제조·화학
,철강제조업,금속·재료·철강·요업,제조·화학
,사업시설유지관리서비스업,시설관리·경비·용역,서비스업
,사업시설유지관리서비스업,시설관리·경비·용역,서비스업
,직원훈련기관,전문·기능학원,교육업
,상품중개업,유통·무역·상사,판매∙유통
,정형내화요업제품제조업,금속·재료·철강·요업,제조·화학
,산업생산시설종합건설업,건설·건축·토목·시공,건설업
,금속제품도매업,유통·무역·상사,판매∙유통
,사무상업용공공기관용건물건설업,건설·건축·토목·시공,건설업
,합금철제조업,금속·재료·철강·요업,제조·화학
,철강제조업,금속·재료·철강·요업,제조·화학
,생활용유리요업목재금속제품날붙이도매업,유통·무역·상사,판매∙유통
,액상시유낙농제품제조업,식품가공·개발,제조·화학
,기관구내식당업,외식업·식음료,서비스업
,가방보호용케이스제조업,생활용품·소비재·사무,제조·화학
,비철금속제조업,기계·설비·자동차,제조·화학
,비주거용건물임대업,부동산·임대·중개,건설업
,정형외과용신체보정용기기제조업,제약·보건·바이오,의료·제약·복지
,지주회사,기타금융,은행·금융업
,토목시설물건설업,건설·건축·토목·시공,건설업
,여자용겉옷제조업,섬유·의류·패션,제조·화학
,비철금속제련정련합금제조업,기계·설비·자동차,제조·화학
,애니메이션영화비디오물제작업,영화·배급·음악,미디어·디자인
,금속제품도매업,유통·무역·상사,판매∙유통
,자동차차체용신품부품제조업,기계·설비·자동차,제조·화학
,상품종합도매업,유통·무역·상사,판매∙유통
,식료품담배도매업,유통·무역·상사,판매∙유통
,가공식품도매업,유통·무역·상사,판매∙유통
,상품종합도매업,유통·무역·상사,판매∙유통
,식료품담배도매업,유통·무역·상사,판매∙유통
,가공식품도매업,유통·무역·상사,판매∙유통
,가공식품도매업,유통·무역·상사,판매∙유통
,기계장비도매업,유통·무역·상사,판매∙유통
,경비경호서비스업,시설관리·경비·용역,서비스업
,주거용건물개발공급업,건설·건축·토목·시공,건설업
,광고대행업,광고·홍보·전시,미디어·디자인
,주거용건물개발공급업,건설·건축·토목·시공,건설업
,주거용건물건설업,건설·건축·토목·시공,건설업
,컴퓨터주변장치소프트웨어도매업,유통·무역·상사,판매∙유통
,주류도매업,유통·무역·상사,판매∙유통
,방송무선통신장비제조업,네트워크·통신·모바일,IT·웹·통신
,컴퓨터프로그래밍서비스업,솔루션·SI·ERP·CRM,IT·웹·통신
,부동산업,부동산·임대·중개,건설업
,자동차차체용신품부품제조업,기계·설비·자동차,제조·화학
,금속류해체선별업,금속·재료·철강·요업,제조·화학
,일반창고업,운송·운수·물류,판매∙유통
,코크스관련제품제조업,금속·재료·철강·요업,제조·화학
,비철금속제조업,기계·설비·자동차,제조·화학
,식료품제조업,식품가공·개발,제조·화학
,곡물혼합분말반죽제조업,식품가공·개발,제조·화학
,두부유사식품제조업,식품가공·개발,제조·화학
,두부유사식품제조업,식품가공·개발,제조·화학
,가전제품부품도매업,유통·무역·상사,판매∙유통
,주방용전기기기제조업,생활용품·소비재·사무,제조·화학
,시스템소프트웨어개발공급업,솔루션·SI·ERP·CRM,IT·웹·통신
,통관대리관련서비스업,호텔·여행·항공,서비스업
,증류기열교환기가스발생기제조업,기계·설비·자동차,제조·화학
,여행사업,호텔·여행·항공,서비스업
,여행사업,호텔·여행·항공,서비스업
,여행사업,호텔·여행·항공,서비스업
,주거용건물개발공급업,건설·건축·토목·시공,건설업
,육류가공업,식품가공·개발,제조·화학
,비주거용건물임대업,부동산·임대·중개,건설업
,천연혼합조제조미료제조업,식품가공·개발,제조·화학
,지주회사,기타금융,은행·금융업
,배합사료제조업,기타제조업,제조·화학
,시스템소프트웨어개발공급업,솔루션·SI·ERP·CRM,IT·웹·통신
,주거용건물개발공급업,건설·건축·토목·시공,건설업
,아파트건설업,건설·건축·토목·시공,건설업
,주거용건물개발공급업,건설·건축·토목·시공,건설업
,종합건설업,건설·건축·토목·시공,건설업
,육류도매업,유통·무역·상사,판매∙유통
,사진기영사기관련장비제조업,기계·설비·자동차,제조·화학
,아파트건설업,건설·건축·토목·시공,건설업
,소프트웨어개발공급업,솔루션·SI·ERP·CRM,IT·웹·통신
,휴양콘도운영업,호텔·여행·항공,서비스업
,주차장운영업,시설관리·경비·용역,서비스업
,의약용화합물항생물질제조업,제약·보건·바이오,제조·화학
,콜센터텔레마케팅서비스업,기타서비스업,서비스업
,가전제품소매업,판매,판매∙유통
,온라인교육학원,학원·어학원,교육업
,가정용전기기기제조업,생활용품·소비재·사무,제조·화학
,광고대행업,광고·홍보·전시,미디어·디자인
,플라스틱물질합성고무도매업,유통·무역·상사,판매∙유통
,데이터베이스온라인정보제공업,솔루션·SI·ERP·CRM,IT·웹·통신
,건물토목엔지니어링서비스업,건설·건축·토목·시공,건설업
,금융시장관리업,은행·금융·저축,은행·금융업
,건물토목엔지니어링서비스업,건설·건축·토목·시공,건설업
,신문발행업,출판·인쇄·사진,미디어·디자인
,프로그램공급업,솔루션·SI·ERP·CRM,IT·웹·통신
,임시일용인력공급업,시설관리·경비·용역,서비스업
,귀금속관련제품제조업,금속·재료·철강·요업,제조·화학
,컴퓨터프로그래밍서비스업,솔루션·SI·ERP·CRM,IT·웹·통신
,유선방송업,방송사·케이블,미디어·디자인
,시계귀금속제품도매업,유통·무역·상사,판매∙유통
,의약용화합물항생물질제조업,제약·보건·바이오,제조·화학
,전기통신업,네트워크·통신·모바일,IT·웹·통신
,응용소프트웨어개발공급업,솔루션·SI·ERP·CRM,IT·웹·통신
,액상시유낙농제품제조업,식품가공·개발,제조·화학
,완제의약품제조업,제약·보건·바이오,의료·제약·복지
,비알코올음료제조업,식품가공·개발,제조·화학
,인삼식품제조업,식품가공·개발,제조·화학
,신문발행업,출판·인쇄·사진,미디어·디자인
,지주회사,기타금융,은행·금융업
,건물토목엔지니어링서비스업,건설·건축·토목·시공,건설업
,배합사료제조업,기타제조업,제조·화학
,산업용난방보일러금속탱크유사용기제조업,기계·설비·자동차,제조·화학
,콜센터텔레마케팅서비스업,기타서비스업,서비스업
,플라스틱접착처리제품제조업,석유·화학·에너지,제조·화학
,상호저축은행저축기관,은행·금융·저축,은행·금융업
,수상화물취급업,운송·운수·물류,판매∙유통
,계면활성제제조업,석유·화학·에너지,제조·화학
,비주거용부동산관리업,부동산·임대·중개,건설업
,완제의약품제조업,제약·보건·바이오,의료·제약·복지
,자동차신품판매업,판매,판매∙유통
,종합스포츠시설운영업,레저·스포츠·여가,서비스업
,도로건설업,건설·건축·토목·시공,건설업
,골프장운영업,레저·스포츠·여가,서비스업
,지주회사,기타금융,은행·금융업
,의약품도매업,유통·무역·상사,판매∙유통
,액체연료관련제품도매업,유통·무역·상사,판매∙유통
,부동산임대업,부동산·임대·중개,건설업
,생활용가구도매업,유통·무역·상사,판매∙유통
,여자용겉옷제조업,섬유·의류·패션,제조·화학
,도로건설업,건설·건축·토목·시공,건설업
,외항화물운송업,운송·운수·물류,판매∙유통
,제재목재가공업,가구·목재·제지,제조·화학
,인쇄물출판업,출판·인쇄·사진,미디어·디자인
,일반용도료관련제품제조업,석유·화학·에너지,제조·화학
,기초무기화학물질제조업,석유·화학·에너지,제조·화학
,제재목재가공업,가구·목재·제지,제조·화학
,도로건설업,건설·건축·토목·시공,건설업
,종이원지판지종이상자도매업,유통·무역·상사,판매∙유통
,수상운송지원서비스업,운송·운수·물류,판매∙유통
,운송장비용주유소운영업,AS·카센터·주유,서비스업
,일반화물자동차운송업,운송·운수·물류,판매∙유통
,골프장운영업,레저·스포츠·여가,서비스업
,자동차용신품조향장치현가장치제조업,기계·설비·자동차,제조·화학
,증기온수공기조절공급업,환경·설비,건설업
,육류가공업,식품가공·개발,제조·화학
,도로화물운송업,운송·운수·물류,판매∙유통
,여행사업,호텔·여행·항공,서비스업
,도로건설업,건설·건축·토목·시공,건설업
,지주회사,기타금융,은행·금융업
,엔지니어링서비스업,연구소·컨설팅·조사,기관∙협회
,지주회사,기타금융,은행·금융업
,플라스틱필름시트제조업,석유·화학·에너지,제조·화학
,해상운송업,운송·운수·물류,판매∙유통
,골판지제조업,가구·목재·제지,제조·화학
,광고대행업,광고·홍보·전시,미디어·디자인
,정보기술컴퓨터운영관련서비스업,IT컨설팅,IT·웹·통신
,화약불꽃제품제조업,기타제조업,제조·화학
,사업시설유지관리서비스업,시설관리·경비·용역,서비스업
,백화점,판매,판매∙유통
,백화점,판매,판매∙유통
,도로건설업,건설·건축·토목·시공,건설업
,부동산개발공급업,건설·건축·토목·시공,건설업
,비알콜음료점업,외식업·식음료,서비스업
,경비경호서비스업,시설관리·경비·용역,서비스업
,스포츠클럽운영업,레저·스포츠·여가,서비스업
,상호저축은행저축기관,은행·금융·저축,은행·금융업
,전자감지장치제조업,전기·전자·제어,제조·화학
,임시일용인력공급업,시설관리·경비·용역,서비스업
,문구용품회화용품사무용품도매업,유통·무역·상사,판매∙유통
,가공공작기계제조업,기계·설비·자동차,제조·화학
,영림업,농업·어업·광업·임업,제조·화학
,건축설계관련서비스업,건설·건축·토목·시공,건설업
,연료용가스제조배관공급업,기계·설비·자동차,제조·화학
,일반교과학원,학원·어학원,교육업
,신문발행업,출판·인쇄·사진,미디어·디자인
,원목건축관련목제품도매업,유통·무역·상사,판매∙유통
,부동산개발공급업,건설·건축·토목·시공,건설업
,종합소매업,판매,판매∙유통
,여행사업,호텔·여행·항공,서비스업
,개인가정용품임대업,렌탈·임대,서비스업
,목재가구제조업,가구·목재·제지,제조·화학
,프로그램공급업,솔루션·SI·ERP·CRM,IT·웹·통신
,선박수상부유구조물건조업,건설·건축·토목·시공,건설업
,백화점,판매,판매∙유통
,백화점,판매,판매∙유통
,부동산개발공급업,건설·건축·토목·시공,건설업
,텔레비전방송업,방송사·케이블,미디어·디자인
,유선방송업,방송사·케이블,미디어·디자인
,유선방송업,방송사·케이블,미디어·디자인
,건축설계관련서비스업,건설·건축·토목·시공,건설업
,셔츠블라우스소매업,판매,판매∙유통
,사업지원서비스업,기타서비스업,서비스업
,자동차엔진용신품부품제조업,기계·설비·자동차,제조·화학
,통신판매업,판매,판매∙유통
,사업시설유지관리서비스업,시설관리·경비·용역,서비스업
,건물건설업,건설·건축·토목·시공,건설업
,구두류제조업,섬유·의류·패션,제조·화학
,기계장비관련물품도매업,유통·무역·상사,판매∙유통
,발전업,석유·화학·에너지,제조·화학
,비금속광물광업연료용제외,금속·재료·철강·요업,제조·화학
,빵류제조업,식품가공·개발,제조·화학
,의약품도매업,유통·무역·상사,판매∙유통
,아파트건설업,건설·건축·토목·시공,건설업
,광고대행업,광고·홍보·전시,미디어·디자인
,주거용건물건설업,건설·건축·토목·시공,건설업
,아파트건설업,건설·건축·토목·시공,건설업
,대형마트,판매,판매∙유통
,호텔업,호텔·여행·항공,서비스업
,호텔업,호텔·여행·항공,서비스업
,호텔업,호텔·여행·항공,서비스업
,호텔업,호텔·여행·항공,서비스업
,호텔업,호텔·여행·항공,서비스업
,통신판매업,판매,판매∙유통
,단독주택건설업,건설·건축·토목·시공,건설업
,골프장운영업,레저·스포츠·여가,서비스업
,자동차부품제조업,기계·설비·자동차,제조·화학
,상품종합도매업,유통·무역·상사,판매∙유통
,석탄화학계화합물기초유기화학물질제조업,석유·화학·에너지,제조·화학
,자동차신품부품제조업,기계·설비·자동차,제조·화학
,플라스틱제품제조업,석유·화학·에너지,제조·화학
,자동차용신품조향장치현가장치제조업,기계·설비·자동차,제조·화학
,자동차차체용신품부품제조업,기계·설비·자동차,제조·화학
,방송프로그램제작업,방송사·케이블,미디어·디자인
,전자감지장치제조업,전기·전자·제어,제조·화학
,비주거용건물임대업,부동산·임대·중개,건설업
,기초무기화학물질제조업,석유·화학·에너지,제조·화학
,냉간압연압출제품제조업,석유·화학·에너지,제조·화학
,화장품제조업,화장품·뷰티,제조·화학
,비철금속압연압출연신제품제조업,기계·설비·자동차,제조·화학
,비철금속제조업,기계·설비·자동차,제조·화학
,합성섬유제조업,섬유·의류·패션,제조·화학
,기관구내식당업,외식업·식음료,서비스업
,도시락류제조업,식품가공·개발,제조·화학
,기초무기화학물질제조업,석유·화학·에너지,제조·화학
,자동판매기운영업,판매,판매∙유통
,부동산임대업,부동산·임대·중개,건설업
,곡물가공품제조업,식품가공·개발,제조·화학
,비디오영상기기제조업,기계·설비·자동차,제조·화학
,라디오녹음재생기기제조업,기계·설비·자동차,제조·화학
,지주회사,기타금융,은행·금융업
,고용알선인력공급업,시설관리·경비·용역,서비스업
,엔지니어링서비스업,연구소·컨설팅·조사,기관∙협회
,경비경호서비스업,시설관리·경비·용역,서비스업
,합성섬유제조업,섬유·의류·패션,제조·화학
,발전업,석유·화학·에너지,제조·화학
,철강관제조업,금속·재료·철강·요업,제조·화학
,완제의약품제조업,제약·보건·바이오,의료·제약·복지
,사업지원서비스업,기타서비스업,서비스업
,통관대리관련서비스업,호텔·여행·항공,서비스업
,부동산업,부동산·임대·중개,건설업
,백화점,판매,판매∙유통
,건축설계관련서비스업,건설·건축·토목·시공,건설업
,종이원지판지종이상자도매업,유통·무역·상사,판매∙유통
,아파트건설업,건설·건축·토목·시공,건설업
,컴퓨터사무용기계장비임대업,렌탈·임대,서비스업
,지주회사,기타금융,은행·금융업
,도로화물운송업,운송·운수·물류,판매∙유통
,서양식음식점업,외식업·식음료,서비스업
,지주회사,기타금융,은행·금융업
,배합사료제조업,기타제조업,제조·화학
,아파트건설업,건설·건축·토목·시공,건설업
,지주회사,기타금융,은행·금융업
,원유정제처리업,석유·화학·에너지,제조·화학
,원자력발전업,석유·화학·에너지,제조·화학
,완제의약품제조업,제약·보건·바이오,의료·제약·복지
,영화비디오물방송프로그램제작관련서비스업,영화·배급·음악,미디어·디자인
,전기통신업,네트워크·통신·모바일,IT·웹·통신
,비주거용건물임대업,부동산·임대·중개,건설업
,석탄화학계화합물기초유기화학물질제조업,석유·화학·에너지,제조·화학
,지주회사,기타금융,은행·금융업
,석탄화학계화합물기초유기화학물질제조업,석유·화학·에너지,제조·화학
,통신방송장비제조업,네트워크·통신·모바일,IT·웹·통신
,변압기제조업,기계·설비·자동차,제조·화학
,증권중개업,증권·보험·카드,은행·금융업
,증기온수공기조절공급업,환경·설비,건설업
,기초무기화학물질제조업,석유·화학·에너지,제조·화학
,전동기발전기제조업,석유·화학·에너지,제조·화학
,자동차용전기장치제조업,기계·설비·자동차,제조·화학
,자동차신품부품제조업,기계·설비·자동차,제조·화학
,지주회사,기타금융,은행·금융업
,통신장비수리업,AS·카센터·주유,서비스업
,윤활유그리스제조업,석유·화학·에너지,제조·화학
,개인소비용품수리업,AS·카센터·주유,서비스업
,화학제품제조업,석유·화학·에너지,제조·화학
,원유정제처리업,석유·화학·에너지,제조·화학
,지주회사,기타금융,은행·금융업
,원유정제처리업,석유·화학·에너지,제조·화학
,일반통신공사업,건설·건축·토목·시공,건설업
,외항화물운송업,운송·운수·물류,판매∙유통
,원유정제처리업,석유·화학·에너지,제조·화학
,휴양콘도운영업,호텔·여행·항공,서비스업
,강선건조업,조선·항공·우주,제조·화학
,기관터빈제조업,기계·설비·자동차,제조·화학
,전자축전기제조업,전기·전자·제어,제조·화학
,자동차엔진용신품부품제조업,기계·설비·자동차,제조·화학
,통신방송장비제조업,네트워크·통신·모바일,IT·웹·통신
,절연선케이블제조업,전기·전자·제어,제조·화학
,비철금속압연압출연신제품제조업,기계·설비·자동차,제조·화학
,화학섬유직물직조업,섬유·의류·패션,제조·화학
,아파트건설업,건설·건축·토목·시공,건설업
,비주거용건물임대업,부동산·임대·중개,건설업
,일반용도료관련제품제조업,석유·화학·에너지,제조·화학
,유리제품유리섬유광학용유리제조업,반도체·광학·LCD,제조·화학
,합성섬유제조업,섬유·의류·패션,제조·화학
,냉장냉동창고업,운송·운수·물류,판매∙유통
,토공사업,건설·건축·토목·시공,건설업
,연료용가스제조배관공급업,기계·설비·자동차,제조·화학
,시외버스운송업,운송·운수·물류,판매∙유통
,주거용건물개발공급업,건설·건축·토목·시공,건설업
,고무제품제조업,석유·화학·에너지,제조·화학
,조명장치제조업,생활용품·소비재·사무,제조·화학
,시스템소프트웨어개발공급업,솔루션·SI·ERP·CRM,IT·웹·통신
,셔츠블라우스소매업,판매,판매∙유통
,건물건설업,건설·건축·토목·시공,건설업
,부동산개발공급업,건설·건축·토목·시공,건설업
,사업시설유지관리서비스업,시설관리·경비·용역,서비스업
,자료처리업,출판·인쇄·사진,미디어·디자인
,부동산임대공급업,부동산·임대·중개,건설업
,아파트건설업,건설·건축·토목·시공,건설업
,연료용가스제조배관공급업,기계·설비·자동차,제조·화학
,주거용부동산관리업,부동산·임대·중개,건설업
,토목시설물건설업,건설·건축·토목·시공,건설업
,완제의약품제조업,제약·보건·바이오,의료·제약·복지
,폐기물수집운반처리원료재생업,환경,제조·화학
,골판지제조업,가구·목재·제지,제조·화학
,도로관련시설운영업,도로·항만,건설업
,골프장운영업,레저·스포츠·여가,서비스업
,부동산관리업,부동산·임대·중개,건설업
,발효주제조업,식품가공·개발,제조·화학
,하수처리업,환경·설비,건설업
,태양력발전업,석유·화학·에너지,제조·화학
,자동차용신품조향장치현가장치제조업,기계·설비·자동차,제조·화학
,사업시설유지관리서비스업,시설관리·경비·용역,서비스업
,토목건설업,건설·건축·토목·시공,건설업
,콘크리트레미콘시멘트플라스터제품제조업,금속·재료·철강·요업,제조·화학
,동력식수지공구제조업,기계·설비·자동차,제조·화학
,도로건설업,건설·건축·토목·시공,건설업
,아연제련정련합금제조업,금속·재료·철강·요업,제조·화학
,시내버스운송업,운송·운수·물류,판매∙유통
,철강선제조업,금속·재료·철강·요업,제조·화학
,피복충전용접봉제조업,금속·재료·철강·요업,제조·화학
,제철제강합금철제조업,금속·재료·철강·요업,제조·화학
,통관대리관련서비스업,호텔·여행·항공,서비스업
,비주거용건물임대업,부동산·임대·중개,건설업
,외항화물운송업,운송·운수·물류,판매∙유통
,부동산개발공급업,건설·건축·토목·시공,건설업
,주거용건물개발공급업,건설·건축·토목·시공,건설업
,비주거용건물임대업,부동산·임대·중개,건설업
,부동산임대업,부동산·임대·중개,건설업
,전기용기계장비관련기자재도매업,유통·무역·상사,판매∙유통
,임시일용인력공급업,시설관리·경비·용역,서비스업
,사업시설유지관리서비스업,시설관리·경비·용역,서비스업
,골프장운영업,레저·스포츠·여가,서비스업
,교량터널철도건설업,건설·건축·토목·시공,건설업
,부동산개발공급업,건설·건축·토목·시공,건설업
,한의약품제조업,제약·보건·바이오,제조·화학
,부동산업,부동산·임대·중개,건설업
,내항화물운송업,운송·운수·물류,판매∙유통
,부동산임대업,부동산·임대·중개,건설업
,하수처리업,환경·설비,건설업
,지상파방송업,방송사·케이블,미디어·디자인
,생명보험업,증권·보험·카드,은행·금융업
,사업시설유지관리서비스업,시설관리·경비·용역,서비스업
,생명보험업,증권·보험·카드,은행·금융업
,신탁업집합투자업,은행·금융·저축,은행·금융업
,컴퓨터시스템통합자문구축서비스업,IT컨설팅,IT·웹·통신
,증권중개업,증권·보험·카드,은행·금융업
,서적신문잡지류소매업,판매,판매∙유통
,통신방송장비부품도매업,유통·무역·상사,판매∙유통
,전자감지장치제조업,전기·전자·제어,제조·화학
,통신방송장비부품도매업,유통·무역·상사,판매∙유통
,육류도매업,유통·무역·상사,판매∙유통
,지반조성건설업,건설·건축·토목·시공,건설업
,의복액세서리모조장신품도매업,유통·무역·상사,판매∙유통
,합성수지플라스틱물질제조업,석유·화학·에너지,제조·화학
,석탄화학계화합물기초유기화학물질제조업,석유·화학·에너지,제조·화학
,석유화학계기초화학물질제조업,석유·화학·에너지,제조·화학
,상품종합도매업,유통·무역·상사,판매∙유통
,금융업,은행·금융·저축,은행·금융업
,신문발행업,출판·인쇄·사진,미디어·디자인
,반도체제조용기계제조업,반도체·광학·LCD,제조·화학
,발전업,석유·화학·에너지,제조·화학
,백화점,판매,판매∙유통
,사행시설관리운영업,시설관리·경비·용역,서비스업
,금융업,은행·금융·저축,은행·금융업
,골프장운영업,레저·스포츠·여가,서비스업
,연료용가스제조배관공급업,기계·설비·자동차,제조·화학
,지정폐기물처리업,환경,제조·화학
,폐기물처리오염방지시설건설업,환경·설비,건설업
,계면활성제제조업,석유·화학·에너지,제조·화학
,도로건설업,건설·건축·토목·시공,건설업
,주거용건물개발공급업,건설·건축·토목·시공,건설업
,윤활유그리스제조업,석유·화학·에너지,제조·화학
,셔츠외의도매업,유통·무역·상사,판매∙유통
,비주거용건물건설업,건설·건축·토목·시공,건설업
,철강관제조업,금속·재료·철강·요업,제조·화학
,금속포장용기제조업,금속·재료·철강·요업,제조·화학
,주거용건물개발공급업,건설·건축·토목·시공,건설업
,금속제품금속광물도매업,유통·무역·상사,판매∙유통
,육상금속골조구조재제조업,금속·재료·철강·요업,제조·화학
,금속제품도매업,유통·무역·상사,판매∙유통
,부동산업,부동산·임대·중개,건설업
,회사본부경영컨설팅서비스업,연구소·컨설팅·조사,기관∙협회
,비주거용건물임대업,부동산·임대·중개,건설업
,목재건축자재중개업,부동산·임대·중개,건설업
,비주거용부동산관리업,부동산·임대·중개,건설업
,휴양콘도운영업,호텔·여행·항공,서비스업
,석유화학계기초화학물질제조업,석유·화학·에너지,제조·화학
,아파트건설업,건설·건축·토목·시공,건설업
,기초화학물질제조업,석유·화학·에너지,제조·화학
,시외버스운송업,운송·운수·물류,판매∙유통
,타이어튜브제조업,석유·화학·에너지,제조·화학
,지주회사,기타금융,은행·금융업
,보관창고업,운송·운수·물류,판매∙유통
,합성고무제조업,석유·화학·에너지,제조·화학
,석탄화학계화합물기초유기화학물질제조업,석유·화학·에너지,제조·화학
,항만수로유사구조물건설업,건설·건축·토목·시공,건설업
,철강제조업,금속·재료·철강·요업,제조·화학
,주형금형제조업,금속·재료·철강·요업,제조·화학
,승용차여객용자동차제조업,기계·설비·자동차,제조·화학
,스포츠클럽운영업,레저·스포츠·여가,서비스업
,자동차용전용신품부품판매업,판매,판매∙유통
,금속류해체선별업,금속·재료·철강·요업,제조·화학
,골프장운영업,레저·스포츠·여가,서비스업
,비주거용건물개발공급업,건설·건축·토목·시공,건설업
,종이판지제조업,가구·목재·제지,제조·화학
,증기온수공기조절공급업,환경·설비,건설업
,신용조사추심대행업,은행·금융·저축,은행·금융업
,비주거용건물임대업,부동산·임대·중개,건설업
,전기통신업,네트워크·통신·모바일,IT·웹·통신
,데이터베이스온라인정보제공업,솔루션·SI·ERP·CRM,IT·웹·통신
,골프장운영업,레저·스포츠·여가,서비스업
,비주거용건물임대업,부동산·임대·중개,건설업
,선박구성부분품제조업,조선·항공·우주,제조·화학
,바이오연료혼합물제조업,석유·화학·에너지,제조·화학
,아파트건설업,건설·건축·토목·시공,건설업
,액체연료관련제품도매업,유통·무역·상사,판매∙유통
,외항화물운송업,운송·운수·물류,판매∙유통
,외항화물운송업,운송·운수·물류,판매∙유통
,도로건설업,건설·건축·토목·시공,건설업
,자동차용신품조향장치현가장치제조업,기계·설비·자동차,제조·화학
,자동차용신품조향장치현가장치제조업,기계·설비·자동차,제조·화학
,의약품도매업,유통·무역·상사,판매∙유통
,액상시유낙농제품제조업,식품가공·개발,제조·화학
,호텔업,호텔·여행·항공,서비스업
,복합비료화학비료제조업,석유·화학·에너지,제조·화학
,종합건설업,건설·건축·토목·시공,건설업
,골프장운영업,레저·스포츠·여가,서비스업
,건물건설업,건설·건축·토목·시공,건설업
,액체연료관련제품도매업,유통·무역·상사,판매∙유통
,증기온수공기조절공급업,환경·설비,건설업
,비주거용건물임대업,부동산·임대·중개,건설업
,도시철도운송업,운송·운수·물류,판매∙유통
,포털인터넷정보매개서비스업,웹에이젼시,IT·웹·통신
,포털인터넷정보매개서비스업,웹에이젼시,IT·웹·통신
,포털인터넷정보매개서비스업,웹에이젼시,IT·웹·통신
,식료품담배중개업,유통·무역·상사,판매∙유통
,사업시설유지관리서비스업,시설관리·경비·용역,서비스업
,셔츠블라우스제조업,섬유·의류·패션,제조·화학
,절연선케이블제조업,전기·전자·제어,제조·화학
,종합건설업,건설·건축·토목·시공,건설업
,타이어튜브제조업,석유·화학·에너지,제조·화학
,축전지제조업,전기·전자·제어,제조·화학
,도금착색표면처리강재제조업,금속·재료·철강·요업,제조·화학
,경영컨설팅업,연구소·컨설팅·조사,기관∙협회
,게임소프트웨어개발공급업,게임,IT·웹·통신
,주거용건물개발공급업,건설·건축·토목·시공,건설업
,게임소프트웨어개발공급업,게임,IT·웹·통신
,게임소프트웨어개발공급업,게임,IT·웹·통신
,알루미늄압연압출연신제품제조업,금속·재료·철강·요업,제조·화학
,골프장운영업,레저·스포츠·여가,서비스업
,엔지니어링서비스업,연구소·컨설팅·조사,기관∙협회
,곡물유지작물도매업,유통·무역·상사,판매∙유통
,채소작물재배업,농업·어업·광업·임업,제조·화학
,종자묘목생산업,농업·어업·광업·임업,제조·화학
,양계업,농업·어업·광업·임업,제조·화학
,양돈업,농업·어업·광업·임업,제조·화학
,가금류조류사육업,농업·어업·광업·임업,제조·화학
,양돈업,농업·어업·광업·임업,제조·화학
,젖소사육업,농업·어업·광업·임업,제조·화학
,육류도매업,유통·무역·상사,판매∙유통
,양돈업,농업·어업·광업·임업,제조·화학
,차류가공업,식품가공·개발,제조·화학
,양돈업,농업·어업·광업·임업,제조·화학
,축산업,농업·어업·광업·임업,제조·화학
,가금류가공저장처리업,식품가공·개발,제조·화학
,양돈업,농업·어업·광업·임업,제조·화학
,양돈업,농업·어업·광업·임업,제조·화학
,양계업,농업·어업·광업·임업,제조·화학
,가금류조류사육업,농업·어업·광업·임업,제조·화학
,도축업,농업·어업·광업·임업,제조·화학
,곡물식량작물재배업,농업·어업·광업·임업,제조·화학
,양돈업,농업·어업·광업·임업,제조·화학
,가공식품도매업,유통·무역·상사,판매∙유통
,배합사료제조업,기타제조업,제조·화학
,신선식품단순가공식품도매업,유통·무역·상사,판매∙유통
,빵류과자류당류초콜릿도매업,유통·무역·상사,판매∙유통
,양계업,농업·어업·광업·임업,제조·화학
,양돈업,농업·어업·광업·임업,제조·화학
,지주회사,기타금융,은행·금융업
,지주회사,기타금융,은행·금융업
,생명보험업,증권·보험·카드,은행·금융업
,손해보험업,증권·보험·카드,은행·금융업
,국내은행,은행·금융·저축,은행·금융업
,철근철근콘크리트공사업,건설·건축·토목·시공,건설업
,전동기발전기제조업,석유·화학·에너지,제조·화학
,화장품화장용품도매업,유통·무역·상사,판매∙유통
,압연압출연신제품제조업,금속·재료·철강·요업,제조·화학
,상품종합도매업,유통·무역·상사,판매∙유통
,구조용금속판제품공작물제조업,금속·재료·철강·요업,제조·화학
,종합건설업,건설·건축·토목·시공,건설업
,전기업,전기·전자·제어,제조·화학
,항구해상터미널운영업,호텔·여행·항공,서비스업
,화력발전업,석유·화학·에너지,제조·화학
,지상파방송업,방송사·케이블,미디어·디자인
,기반조성관련전문공사업,환경·설비,건설업
,인쇄회로기판전자부품실장기판제조업,전기·전자·제어,제조·화학
,인쇄회로기판전자부품실장기판제조업,전기·전자·제어,제조·화학
,부동산개발공급업,건설·건축·토목·시공,건설업
,농업임업용기계제조업,기계·설비·자동차,제조·화학
,강주물주조업,금속·재료·철강·요업,제조·화학
,콘크리트철근공사업,건설·건축·토목·시공,건설업
,위생용산업용도자기제조업,금속·재료·철강·요업,제조·화학
,토목건설업,건설·건축·토목·시공,건설업
,콘크리트구조용제품제조업,금속·재료·철강·요업,제조·화학
,경영컨설팅업,연구소·컨설팅·조사,기관∙협회
,모터사이클제조업,기계·설비·자동차,제조·화학
,경영컨설팅업,연구소·컨설팅·조사,기관∙협회
,모터사이클제조업,기계·설비·자동차,제조·화학
,지반조성건설업,건설·건축·토목·시공,건설업
,아파트건설업,건설·건축·토목·시공,건설업
,부동산개발공급업,건설·건축·토목·시공,건설업
,도로건설업,건설·건축·토목·시공,건설업
,도로건설업,건설·건축·토목·시공,건설업
,간이음식포장판매전문점,외식업·식음료,서비스업
,외항화물운송업,운송·운수·물류,판매∙유통
,엔지니어링서비스업,연구소·컨설팅·조사,기관∙협회
,부동산개발공급업,건설·건축·토목·시공,건설업
,조미료식품첨가물제조업,식품가공·개발,제조·화학
,가공식품도매업,유통·무역·상사,판매∙유통
,과실채소절임식품제조업,식품가공·개발,제조·화학
,지주회사,기타금융,은행·금융업
,강선건조업,조선·항공·우주,제조·화학
,소주제조업,식품가공·개발,제조·화학
,속도계적산계기제조업,기계·설비·자동차,제조·화학
,콜센터텔레마케팅서비스업,기타서비스업,서비스업
,밸브유사장치제조업,기타제조업,제조·화학
,강화재생목재제조업,가구·목재·제지,제조·화학
,사업지원서비스업,기타서비스업,서비스업
,연료소매업,판매,판매∙유통
,산업용가스제조업,석유·화학·에너지,제조·화학
,운송장비용주유소운영업,AS·카센터·주유,서비스업
,산업용난방보일러방열기제조업,기계·설비·자동차,제조·화학
,연료용가스제조배관공급업,기계·설비·자동차,제조·화학
,산업생산시설종합건설업,건설·건축·토목·시공,건설업
,연료용가스제조배관공급업,기계·설비·자동차,제조·화학
,남녀용겉옷셔츠도매업,유통·무역·상사,판매∙유통
,회사본부경영컨설팅서비스업,연구소·컨설팅·조사,기관∙협회
,비금속류해체선별업,금속·재료·철강·요업,제조·화학
,금융업,은행·금융·저축,은행·금융업
,연탄석탄가공품제조업,석유·화학·에너지,제조·화학
,컴퓨터시스템통합자문구축서비스업,IT컨설팅,IT·웹·통신
,산업생산시설종합건설업,건설·건축·토목·시공,건설업
,운송장비용주유소운영업,AS·카센터·주유,서비스업
,선박구성부분품제조업,조선·항공·우주,제조·화학
,종이판지제조업,가구·목재·제지,제조·화학
,골판지제조업,가구·목재·제지,제조·화학
,골판지가공제품제조업,가구·목재·제지,제조·화학
,금속제품금속광물도매업,유통·무역·상사,판매∙유통
,직물도매업,유통·무역·상사,판매∙유통
,종합건설업,건설·건축·토목·시공,건설업
,호텔업,호텔·여행·항공,서비스업
,컴퓨터시스템통합자문구축서비스업,IT컨설팅,IT·웹·통신
,선박수상부유구조물건조업,건설·건축·토목·시공,건설업
,도로건설업,건설·건축·토목·시공,건설업
,의약용화합물항생물질제조업,제약·보건·바이오,제조·화학
,자동차신품부품제조업,기계·설비·자동차,제조·화학
,아파트건설업,건설·건축·토목·시공,건설업
,자동차신품부품제조업,기계·설비·자동차,제조·화학
,운송장비용주유소운영업,AS·카센터·주유,서비스업
,컴퓨터주변장치소프트웨어도매업,유통·무역·상사,판매∙유통
,절연선케이블제조업,전기·전자·제어,제조·화학
,자동차용신품조향장치현가장치제조업,기계·설비·자동차,제조·화학
,완제의약품제조업,제약·보건·바이오,의료·제약·복지
,부동산임대업,부동산·임대·중개,건설업
,건물건설업,건설·건축·토목·시공,건설업
,하수처리업,환경·설비,건설업
,지상파방송업,방송사·케이블,미디어·디자인
,증기온수공기조절공급업,환경·설비,건설업
,도로관련시설운영업,도로·항만,건설업
,구조용금속판제품공작물제조업,금속·재료·철강·요업,제조·화학
,자동차신품부품제조업,기계·설비·자동차,제조·화학
,시내버스운송업,운송·운수·물류,판매∙유통
,부동산중개대리업,부동산·임대·중개,건설업
,유선통신업,네트워크·통신·모바일,IT·웹·통신
,광업,농업·어업·광업·임업,제조·화학
,직물직조직물제품제조업,섬유·의류·패션,제조·화학
,배합사료제조업,기타제조업,제조·화학
,골재벽돌시멘트도매업,유통·무역·상사,판매∙유통
,외항화물운송업,운송·운수·물류,판매∙유통
,시멘트제조업,금속·재료·철강·요업,제조·화학
,곡물유지작물도매업,유통·무역·상사,판매∙유통
,석유화학계기초화학물질제조업,석유·화학·에너지,제조·화학
,절연선케이블제조업,전기·전자·제어,제조·화학
,제철제강합금철제조업,금속·재료·철강·요업,제조·화학
,곡물가공품전분전분제품제조업,식품가공·개발,제조·화학
,곡물제분업,식품가공·개발,제조·화학
,강선건조업,조선·항공·우주,제조·화학
,주류도매업,유통·무역·상사,판매∙유통
,화물취급업,유통·무역·상사,판매∙유통
,외항화물운송업,운송·운수·물류,판매∙유통
,자동차신품부품제조업,기계·설비·자동차,제조·화학
,연료용가스제조배관공급업,기계·설비·자동차,제조·화학
,완제의약품제조업,제약·보건·바이오,의료·제약·복지
,철강선제조업,금속·재료·철강·요업,제조·화학
,강관제조업,금속·재료·철강·요업,제조·화학
,자동차신품판매업,판매,판매∙유통
,자동차신품판매업,판매,판매∙유통
,교량터널철도건설업,건설·건축·토목·시공,건설업
,자동차신품부품제조업,기계·설비·자동차,제조·화학
,비주거용건물임대업,부동산·임대·중개,건설업
,아파트건설업,건설·건축·토목·시공,건설업
,상품종합도매업,유통·무역·상사,판매∙유통
,항공기용부품제조업,조선·항공·우주,제조·화학
,자동차용신품조향장치현가장치제조업,기계·설비·자동차,제조·화학
,자동차용신품조향장치현가장치제조업,기계·설비·자동차,제조·화학
,컴퓨터시스템통합자문구축서비스업,IT컨설팅,IT·웹·통신
,플라스틱필름제조업,석유·화학·에너지,제조·화학
,합성섬유제조업,섬유·의류·패션,제조·화학
,플라스틱접착처리제품제조업,석유·화학·에너지,제조·화학
,주변기기제조업,기계·설비·자동차,제조·화학
,전기용기계장비관련기자재도매업,유통·무역·상사,판매∙유통
,자동차판매업,판매,판매∙유통
,반도체제조용기계제조업,반도체·광학·LCD,제조·화학
,자동차엔진용신품부품제조업,기계·설비·자동차,제조·화학
,아파트건설업,건설·건축·토목·시공,건설업
,비주거용건물개발공급업,건설·건축·토목·시공,건설업
,냉간압연압출제품제조업,석유·화학·에너지,제조·화학
,자동차신품부품제조업,기계·설비·자동차,제조·화학
,철강제조업,금속·재료·철강·요업,제조·화학
,완제의약품제조업,제약·보건·바이오,의료·제약·복지
,화력발전업,석유·화학·에너지,제조·화학
,비주거용건물임대업,부동산·임대·중개,건설업
,아파트건설업,건설·건축·토목·시공,건설업
,가정용가스연료소매업,판매,판매∙유통
,기체연료관련제품도매업,유통·무역·상사,판매∙유통
,토목건설업,건설·건축·토목·시공,건설업
,발전업,석유·화학·에너지,제조·화학
,건물토목엔지니어링서비스업,건설·건축·토목·시공,건설업
,냉간압연압출제품제조업,석유·화학·에너지,제조·화학
,냉간압연압출제품제조업,석유·화학·에너지,제조·화학
,금속조립구조재제조업,금속·재료·철강·요업,제조·화학
,하수처리업,환경·설비,건설업
,부동산임대업,부동산·임대·중개,건설업
,위험물품보관업,운송·운수·물류,판매∙유통
,커피가공업,외식업·식음료,서비스업
,석유화학계기초화학물질제조업,석유·화학·에너지,제조·화학
,비알코올음료제조업,식품가공·개발,제조·화학
,일반용도료관련제품제조업,석유·화학·에너지,제조·화학
,지주회사,기타금융,은행·금융업
,완제의약품제조업,제약·보건·바이오,의료·제약·복지
,비알코올음료제조업,식품가공·개발,제조·화학
,완제의약품제조업,제약·보건·바이오,의료·제약·복지
,내항화물운송업,운송·운수·물류,판매∙유통
,철강선제조업,금속·재료·철강·요업,제조·화학
,농업임업용기계제조업,기계·설비·자동차,제조·화학
,지정폐기물처리업,환경,제조·화학
,전동기발전기전기변환장치제조업,석유·화학·에너지,제조·화학
,고체연료관련제품도매업,판매,판매∙유통
,도로건설업,건설·건축·토목·시공,건설업
,철강관제조업,금속·재료·철강·요업,제조·화학
,자동차엔진용신품부품제조업,기계·설비·자동차,제조·화학
,주거용건물개발공급업,건설·건축·토목·시공,건설업
,석탄화학계화합물기초유기화학물질제조업,석유·화학·에너지,제조·화학
,종합건설업,건설·건축·토목·시공,건설업
,자동차신품부품제조업,기계·설비·자동차,제조·화학
,보관창고업,운송·운수·물류,판매∙유통
,원양어업,농업·어업·광업·임업,제조·화학
,플라스틱제품제조업,석유·화학·에너지,제조·화학
,컴퓨터시스템통합자문구축서비스업,IT컨설팅,IT·웹·통신
,강관제조업,금속·재료·철강·요업,제조·화학
,동물용사료조제식품제조업,기타제조업,제조·화학
,주거용건물개발공급업,건설·건축·토목·시공,건설업
,금속단조제품제조업,금속·재료·철강·요업,제조·화학
,고무제품제조업,석유·화학·에너지,제조·화학
,방적업,섬유·의류·패션,제조·화학
,합금철제조업,금속·재료·철강·요업,제조·화학
,산업생산시설종합건설업,건설·건축·토목·시공,건설업
,방적업,섬유·의류·패션,제조·화학
,액체연료관련제품도매업,유통·무역·상사,판매∙유통
,적층합성특수표면처리종이제조업,가구·목재·제지,제조·화학
,비주거용건물임대업,부동산·임대·중개,건설업
,지주회사,기타금융,은행·금융업
,골프장운영업,레저·스포츠·여가,서비스업
,축산업,농업·어업·광업·임업,제조·화학
,비주거용건물임대업,부동산·임대·중개,건설업
,완제의약품제조업,제약·보건·바이오,의료·제약·복지
,일반창고업,운송·운수·물류,판매∙유통
,지주회사,기타금융,은행·금융업
,비주거용건물개발공급업,건설·건축·토목·시공,건설업
,전문서비스업,기타서비스업,서비스업
,계면활성제제조업,석유·화학·에너지,제조·화학
,부동산중개자문감정평가업,부동산·임대·중개,건설업
,안전유리제조업,금속·재료·철강·요업,제조·화학
,아파트건설업,건설·건축·토목·시공,건설업
,전자응용절삭기계제조업,전기·전자·제어,제조·화학
,소프트웨어개발공급업,솔루션·SI·ERP·CRM,IT·웹·통신
,지주회사,기타금융,은행·금융업
,기계장비관련물품도매업,유통·무역·상사,판매∙유통
,건설채광용기계장비제조업,기계·설비·자동차,제조·화학
,기관터빈제조업,기계·설비·자동차,제조·화학
,골프장운영업,레저·스포츠·여가,서비스업
,콘크리트철근공사업,건설·건축·토목·시공,건설업
,자동차용신품조향장치현가장치제조업,기계·설비·자동차,제조·화학
,결혼상담준비서비스업,웨딩·장례·이벤트,서비스업
,화학섬유제조업,섬유·의류·패션,제조·화학
,유선통신업,네트워크·통신·모바일,IT·웹·통신
,부동산임대업,부동산·임대·중개,건설업
,손해사정업,은행·금융·저축,은행·금융업
,수의업,의료,의료·제약·복지
,금융업,은행·금융·저축,은행·금융업
,경영컨설팅업,연구소·컨설팅·조사,기관∙협회
,손해사정업,은행·금융·저축,은행·금융업
,철강제조업,금속·재료·철강·요업,제조·화학
,증류주합성주제조업,식품가공·개발,제조·화학
,종이원지판지종이상자도매업,유통·무역·상사,판매∙유통
,아파트건설업,건설·건축·토목·시공,건설업
,아파트건설업,건설·건축·토목·시공,건설업
,아파트건설업,건설·건축·토목·시공,건설업
,발전업,석유·화학·에너지,제조·화학
,의약품도매업,유통·무역·상사,판매∙유통
,투자자문업일임업,은행·금융·저축,은행·금융업
,지주회사,기타금융,은행·금융업
,자동차용신품전기장치제조업,기계·설비·자동차,제조·화학
,건설채광용기계장비제조업,기계·설비·자동차,제조·화학
,응용소프트웨어개발공급업,솔루션·SI·ERP·CRM,IT·웹·통신
,전동기발전기전기변환장치제조업,석유·화학·에너지,제조·화학
,아파트건설업,건설·건축·토목·시공,건설업
,종합건설업,건설·건축·토목·시공,건설업
,지주회사,기타금융,은행·금융업
,포털인터넷정보매개서비스업,웹에이젼시,IT·웹·통신
,부동산개발공급업,건설·건축·토목·시공,건설업
,호텔업,호텔·여행·항공,서비스업
,부동산개발공급업,건설·건축·토목·시공,건설업
,비주거용부동산관리업,부동산·임대·중개,건설업
,전기용기계장비관련기자재도매업,유통·무역·상사,판매∙유통
,택배업,운송·운수·물류,판매∙유통
,배전반전기자동제어반제조업,전기·전자·제어,제조·화학
,아파트건설업,건설·건축·토목·시공,건설업
,운송관련서비스업,운송·운수·물류,판매∙유통
,커피가공업,외식업·식음료,서비스업
,대형마트,판매,판매∙유통
,자동차임대업,렌탈·임대,서비스업
,창고운송관련서비스업,운송·운수·물류,판매∙유통
,사업지원서비스업,기타서비스업,서비스업
,종합소매업,판매,판매∙유통
,부동산임대공급업,부동산·임대·중개,건설업
,바이오연료혼합물제조업,석유·화학·에너지,제조·화학
,합성고무제조업,석유·화학·에너지,제조·화학
,석탄화학계화합물기초유기화학물질제조업,석유·화학·에너지,제조·화학
,목재건축자재중개업,부동산·임대·중개,건설업
,손해보험업,증권·보험·카드,은행·금융업
,비주거용부동산관리업,부동산·임대·중개,건설업
,백화점,판매,판매∙유통
,비주거용건물개발공급업,건설·건축·토목·시공,건설업
,부동산업,부동산·임대·중개,건설업
,알루미늄압연압출연신제품제조업,금속·재료·철강·요업,제조·화학
,업종미분류,,업종미분류
,석유화학계기초화학물질제조업,석유·화학·에너지,제조·화학
,백화점,판매,판매∙유통
,신용카드할부금융업,은행·금융·저축,은행·금융업
,자동차종합수리업,AS·카센터·주유,서비스업
,부동산임대업,부동산·임대·중개,건설업
,부동산임대업,부동산·임대·중개,건설업
,부동산업,부동산·임대·중개,건설업
,비주거용건물임대업,부동산·임대·중개,건설업
,석탄화학계화합물기초유기화학물질제조업,석유·화학·에너지,제조·화학
,컴퓨터시스템통합자문구축서비스업,IT컨설팅,IT·웹·통신
,과자류코코아제품제조업,식품가공·개발,제조·화학
,여행사업,호텔·여행·항공,서비스업
,가공식품도매업,유통·무역·상사,판매∙유통
,여자용겉옷제조업,섬유·의류·패션,제조·화학
,지주회사,기타금융,은행·금융업
,합성수지플라스틱물질제조업,석유·화학·에너지,제조·화학
,비알코올음료제조업,식품가공·개발,제조·화학
,신용카드할부금융업,은행·금융·저축,은행·금융업
,신용카드할부금융업,은행·금융·저축,은행·금융업
,영화비디오물상영업,영화·배급·음악,미디어·디자인
,석유화학계기초화학물질제조업,석유·화학·에너지,제조·화학
,창고운송관련서비스업,운송·운수·물류,판매∙유통
,비주거용건물개발공급업,건설·건축·토목·시공,건설업
,아이스크림식용빙과류제조업,식품가공·개발,제조·화학
,금융지원서비스업,은행·금융·저축,은행·금융업
,가전제품소매업,판매,판매∙유통
,다이오드트랜지스터유사반도체소자제조업,반도체·광학·LCD,제조·화학
,전기용기계장비관련기자재도매업,유통·무역·상사,판매∙유통
,승용차여객용자동차제조업,기계·설비·자동차,제조·화학
,보험대리중개업,증권·보험·카드,은행·금융업
,부동산업,부동산·임대·중개,건설업
,비주거용건물개발공급업,건설·건축·토목·시공,건설업
,종이원지판지종이상자도매업,유통·무역·상사,판매∙유통
,부동산개발공급업,건설·건축·토목·시공,건설업
,가정용비전기식조리난방기구제조업,생활용품·소비재·사무,제조·화학
,가전제품부품도매업,유통·무역·상사,판매∙유통
,비주거용건물개발공급업,건설·건축·토목·시공,건설업
,기어동력전달장치제조업,기계·설비·자동차,제조·화학
,자동차용신품전기장치제조업,기계·설비·자동차,제조·화학
,자동차용신품조향장치현가장치제조업,기계·설비·자동차,제조·화학
,자동차신품판매업,판매,판매∙유통
,자동차엔진용신품부품제조업,기계·설비·자동차,제조·화학
,액상시유낙농제품제조업,식품가공·개발,제조·화학
,목재건축자재중개업,부동산·임대·중개,건설업
,바이오연료혼합물제조업,석유·화학·에너지,제조·화학
,신탁업집합투자업,은행·금융·저축,은행·금융업
,보험대리중개업,증권·보험·카드,은행·금융업
,영화관운영업,레저·스포츠·여가,서비스업
,온라인교육학원,학원·어학원,교육업
,온라인교육학원,학원·어학원,교육업
,자동차신품판매업,판매,판매∙유통
,자동차용신품조향장치현가장치제조업,기계·설비·자동차,제조·화학
,윤활유그리스제조업,석유·화학·에너지,제조·화학
,아파트건설업,건설·건축·토목·시공,건설업
,자동차부품판매업,판매,판매∙유통
,지상파방송업,방송사·케이블,미디어·디자인
,건물설비설치공사업,건설·건축·토목·시공,건설업
,일반창고업,운송·운수·물류,판매∙유통
,종이판지제조업,가구·목재·제지,제조·화학
,문구용품회화용품사무용품도매업,유통·무역·상사,판매∙유통
,종이판지제조업,가구·목재·제지,제조·화학
,펄프제조업,가구·목재·제지,제조·화학
,의복액세서리모조장신구소매업,판매,판매∙유통
,종이원지판지종이상자도매업,유통·무역·상사,판매∙유통
,철강제조업,금속·재료·철강·요업,제조·화학
,주거용건물개발공급업,건설·건축·토목·시공,건설업
,사무상업용공공기관용건물건설업,건설·건축·토목·시공,건설업
,토공사업,건설·건축·토목·시공,건설업
,비주거용부동산관리업,부동산·임대·중개,건설업
,부동산개발공급업,건설·건축·토목·시공,건설업
,신용조사추심대행업,은행·금융·저축,은행·금융업
,증권중개업,증권·보험·카드,은행·금융업
,금융투자업,은행·금융·저축,은행·금융업
,생명보험업,증권·보험·카드,은행·금융업
,신탁업집합투자업,은행·금융·저축,은행·금융업
,여신금융업,은행·금융·저축,은행·금융업
,비주거용부동산관리업,부동산·임대·중개,건설업
,증권발행관리보관거래지원서비스업,증권·보험·카드,은행·금융업
,석유화학계기초화학물질제조업,석유·화학·에너지,제조·화학
,기초화학물질제조업,석유·화학·에너지,제조·화학
,계면활성제제조업,석유·화학·에너지,제조·화학
,열간압연압출제품제조업,금속·재료·철강·요업,제조·화학
,윤활유그리스제조업,석유·화학·에너지,제조·화학
,경영컨설팅업,연구소·컨설팅·조사,기관∙협회
,엔지니어링서비스업,연구소·컨설팅·조사,기관∙협회
,완제의약품제조업,제약·보건·바이오,의료·제약·복지
,화학살균살충제농업용약제제조업,석유·화학·에너지,제조·화학
,고무의류위생용비경화고무제품제조업,석유·화학·에너지,제조·화학
,자동차용신품조향장치현가장치제조업,기계·설비·자동차,제조·화학
,부동산개발공급업,건설·건축·토목·시공,건설업
,금융업,은행·금융·저축,은행·금융업
,부동산업,부동산·임대·중개,건설업
,사업시설유지관리서비스업,시설관리·경비·용역,서비스업
,의약품도매업,유통·무역·상사,판매∙유통
,비주거용건물임대업,부동산·임대·중개,건설업
,의복액세서리모조장신구도매업,유통·무역·상사,판매∙유통
,가공공작기계제조업,기계·설비·자동차,제조·화학
,지정폐기물수집운반업,운송·운수·물류,판매∙유통
,제련정련합금제조업,금속·재료·철강·요업,제조·화학
,건물토목엔지니어링서비스업,건설·건축·토목·시공,건설업
,건축기술엔지니어링과학기술서비스업,연구소·컨설팅·조사,기관∙협회
,일반용도료관련제품제조업,석유·화학·에너지,제조·화학
,발전업,석유·화학·에너지,제조·화학
,아파트건설업,건설·건축·토목·시공,건설업
,자동차엔진용신품부품제조업,기계·설비·자동차,제조·화학
,연료용가스제조배관공급업,기계·설비·자동차,제조·화학
,의약품제조업,제약·보건·바이오,제조·화학
,골프장운영업,레저·스포츠·여가,서비스업
,호텔업,호텔·여행·항공,서비스업
,아파트건설업,건설·건축·토목·시공,건설업
,업종미분류,,업종미분류
,시내버스운송업,운송·운수·물류,판매∙유통
,건설채광용기계장비제조업,기계·설비·자동차,제조·화학
,부동산관리업,부동산·임대·중개,건설업
,종합건설업,건설·건축·토목·시공,건설업
,배합사료제조업,기타제조업,제조·화학
,금속류해체선별업,금속·재료·철강·요업,제조·화학
,금속제품도매업,유통·무역·상사,판매∙유통
,대형마트,판매,판매∙유통
,일반창고업,운송·운수·물류,판매∙유통
,도시철도운송업,운송·운수·물류,판매∙유통
,보관창고업,운송·운수·물류,판매∙유통
,지상파방송업,방송사·케이블,미디어·디자인
,항구해상터미널운영업,호텔·여행·항공,서비스업
,수상화물취급업,운송·운수·물류,판매∙유통
,항구해상터미널운영업,호텔·여행·항공,서비스업
,신문발행업,출판·인쇄·사진,미디어·디자인
,과실류도매업,유통·무역·상사,판매∙유통
,컴퓨터시설관리업,하드웨어·장비,IT·웹·통신
,항구해상터미널운영업,호텔·여행·항공,서비스업
,항구해상터미널운영업,호텔·여행·항공,서비스업
,고용알선인력공급업,시설관리·경비·용역,서비스업
,부동산업,부동산·임대·중개,건설업
,시외버스운송업,운송·운수·물류,판매∙유통
,사업지원서비스업,기타서비스업,서비스업
,담배도매업,유통·무역·상사,판매∙유통
,담배제품제조업,식품가공·개발,제조·화학
,자료처리업,출판·인쇄·사진,미디어·디자인
,금융지원서비스업,은행·금융·저축,은행·금융업
,골프장운영업,레저·스포츠·여가,서비스업
,신용카드할부금융업,은행·금융·저축,은행·금융업
,아이스크림식용빙과류제조업,식품가공·개발,제조·화학
,비주거용건물개발공급업,건설·건축·토목·시공,건설업
,증류기열교환기가스발생기제조업,기계·설비·자동차,제조·화학
,철강제조업,금속·재료·철강·요업,제조·화학
,자동차신품판매업,판매,판매∙유통
,부동산개발공급업,건설·건축·토목·시공,건설업
,곡물가공품전분전분제품제조업,식품가공·개발,제조·화학
,원양어업,농업·어업·광업·임업,제조·화학
,수산물가공저장처리업,식품가공·개발,제조·화학
,자동차용신품조향장치현가장치제조업,기계·설비·자동차,제조·화학
,생수생산업,식품가공·개발,제조·화학
,비철금속광업,기계·설비·자동차,제조·화학
,포장용유리용기제조업,금속·재료·철강·요업,제조·화학
,석탄화학계화합물기초유기화학물질제조업,석유·화학·에너지,제조·화학
,아파트건설업,건설·건축·토목·시공,건설업
,금속압형제품제조업,금속·재료·철강·요업,제조·화학
,구조용금속제품제조업,금속·재료·철강·요업,제조·화학
,액체연료관련제품도매업,유통·무역·상사,판매∙유통
,합성수지플라스틱물질제조업,석유·화학·에너지,제조·화학
,자동차용신품조향장치현가장치제조업,기계·설비·자동차,제조·화학
,알루미늄압연압출연신제품제조업,금속·재료·철강·요업,제조·화학
,자동차용신품조향장치현가장치제조업,기계·설비·자동차,제조·화학
,분류안된비금속광물제품제조업,금속·재료·철강·요업,제조·화학
,축전지제조업,전기·전자·제어,제조·화학
,액정표시장치제조업,반도체·광학·LCD,제조·화학
,의료용기기제조업,기계·설비·자동차,제조·화학
,전문도매업,유통·무역·상사,판매∙유통
,생물학적제제제조업,석유·화학·에너지,제조·화학
,의학약학연구개발업,연구소·컨설팅·조사,기관∙협회
,자동차차체용신품부품제조업,기계·설비·자동차,제조·화학
,여신금융업,은행·금융·저축,은행·금융업
,생명보험업,증권·보험·카드,은행·금융업
,손해사정업,은행·금융·저축,은행·금융업
,선물중개업,은행·금융·저축,은행·금융업
,신탁업집합투자업,은행·금융·저축,은행·금융업
,컴퓨터시스템통합자문구축관리업,IT컨설팅,IT·웹·통신
,신탁업집합투자업,은행·금융·저축,은행·금융업
,엔지니어링서비스업,연구소·컨설팅·조사,기관∙협회
,기관구내식당업,외식업·식음료,서비스업
,신탁업집합투자업,은행·금융·저축,은행·금융업
,인쇄회로기판전자부품실장기판제조업,전기·전자·제어,제조·화학
,통신방송장비제조업,네트워크·통신·모바일,IT·웹·통신
,운송관련서비스업,운송·운수·물류,판매∙유통
,통신장비수리업,AS·카센터·주유,서비스업
,가전제품소매업,판매,판매∙유통
,선박수상부유구조물건조업,건설·건축·토목·시공,건설업
,증권중개업,증권·보험·카드,은행·금융업
,신용카드할부금융업,은행·금융·저축,은행·금융업
,금융지원서비스업,은행·금융·저축,은행·금융업
,신탁업집합투자업,은행·금융·저축,은행·금융업
,손해사정업,은행·금융·저축,은행·금융업
,손해사정업,은행·금융·저축,은행·금융업
,손해보험업,증권·보험·카드,은행·금융업
,식료품제조업,식품가공·개발,제조·화학
,젖소사육업,농업·어업·광업·임업,제조·화학
,식품제조업,식품가공·개발,제조·화학
,석탄화학계화합물기초유기화학물질제조업,석유·화학·에너지,제조·화학
,모피가죽제조업,섬유·의류·패션,제조·화학
,합성수지플라스틱물질제조업,석유·화학·에너지,제조·화학
,화학물질화학제품도매업,유통·무역·상사,판매∙유통
,석탄화학계화합물기초유기화학물질제조업,석유·화학·에너지,제조·화학
,선박구성부분품제조업,조선·항공·우주,제조·화학
,구름베어링제조업,기계·설비·자동차,제조·화학
,펄프종이판지제조업,가구·목재·제지,제조·화학
,완제의약품제조업,제약·보건·바이오,의료·제약·복지
,석회석점토광업,금속·재료·철강·요업,제조·화학
,콘크리트구조용제품제조업,금속·재료·철강·요업,제조·화학
,신문용지제조업,가구·목재·제지,제조·화학
,수산식물가공저장처리업,식품가공·개발,제조·화학
,기반조성시설물축조관련전문공사업,건설·건축·토목·시공,건설업
,목재건축자재중개업,부동산·임대·중개,건설업
,열간압연압출제품제조업,금속·재료·철강·요업,제조·화학
,액체연료관련제품도매업,유통·무역·상사,판매∙유통
,금속포장용기제조업,금속·재료·철강·요업,제조·화학
,전자축전기제조업,전기·전자·제어,제조·화학
,일반용도료관련제품제조업,석유·화학·에너지,제조·화학
,도로건설업,건설·건축·토목·시공,건설업
,부동산개발공급업,건설·건축·토목·시공,건설업
,골프장운영업,레저·스포츠·여가,서비스업
,자동차신품부품제조업,기계·설비·자동차,제조·화학
,주거용부동산관리업,부동산·임대·중개,건설업
,사무상업용건물건설업,건설·건축·토목·시공,건설업
,부동산임대업,부동산·임대·중개,건설업
,장류제조업,식품가공·개발,제조·화학
,화력발전업,석유·화학·에너지,제조·화학
,부동산업,부동산·임대·중개,건설업
,연료용가스제조배관공급업,기계·설비·자동차,제조·화학
,상품종합도매업,유통·무역·상사,판매∙유통
,조경건설업,실내·인테리어·조경,건설업
,콜센터텔레마케팅서비스업,기타서비스업,서비스업
,콜센터텔레마케팅서비스업,기타서비스업,서비스업
,부동산개발공급업,건설·건축·토목·시공,건설업
,기어동력전달장치제조업,기계·설비·자동차,제조·화학
,임시일용인력공급업,시설관리·경비·용역,서비스업
,부동산개발공급업,건설·건축·토목·시공,건설업
,기술시험검사분석업,연구소·컨설팅·조사,기관∙협회
,도로관련시설운영업,도로·항만,건설업
,여객자동차터미널운영업,호텔·여행·항공,서비스업
,도시정기육상여객운송업,운송·운수·물류,판매∙유통
,시내버스운송업,운송·운수·물류,판매∙유통
,연료용가스제조배관공급업,기계·설비·자동차,제조·화학
,항만수로유사구조물건설업,건설·건축·토목·시공,건설업
,발광다이오드제조업,반도체·광학·LCD,제조·화학
,다이오드트랜지스터유사반도체소자제조업,반도체·광학·LCD,제조·화학
,비주거용건물임대업,부동산·임대·중개,건설업
,액체연료관련제품도매업,유통·무역·상사,판매∙유통
,기체연료관련제품도매업,유통·무역·상사,판매∙유통
,원유천연가스채굴업,석유·화학·에너지,제조·화학
,제품제조업,기타제조업,제조·화학
,식료품담배중개업,유통·무역·상사,판매∙유통
,도로관련시설운영업,도로·항만,건설업
,운송장비용주유소운영업,AS·카센터·주유,서비스업
,호텔업,호텔·여행·항공,서비스업
,자동차차체용신품부품제조업,기계·설비·자동차,제조·화학
,편조원단제조업,섬유·의류·패션,제조·화학
,자동차용신품조향장치현가장치제조업,기계·설비·자동차,제조·화학
,비주거용건물개발공급업,건설·건축·토목·시공,건설업
,외항여객운송업,운송·운수·물류,판매∙유통
,철강제조업,금속·재료·철강·요업,제조·화학
,항구해상터미널운영업,호텔·여행·항공,서비스업
,산업용가스제조업,석유·화학·에너지,제조·화학
,자동차신품판매업,판매,판매∙유통
,기어동력전달장치제조업,기계·설비·자동차,제조·화학
,박판합판유사적층판제조업,금속·재료·철강·요업,제조·화학
,전자감지장치제조업,전기·전자·제어,제조·화학
,강선건조업,조선·항공·우주,제조·화학
,시멘트제조업,금속·재료·철강·요업,제조·화학
,일반화물자동차운송업,운송·운수·물류,판매∙유통
,아파트건설업,건설·건축·토목·시공,건설업
,전자감지장치제조업,전기·전자·제어,제조·화학
,지주회사,기타금융,은행·금융업
,강화재생목재제조업,가구·목재·제지,제조·화학
,구조용금속제품제조업,금속·재료·철강·요업,제조·화학
,빵류제조업,식품가공·개발,제조·화학
,반도체제조용기계제조업,반도체·광학·LCD,제조·화학
,일반화물자동차운송업,운송·운수·물류,판매∙유통
,축전지제조업,전기·전자·제어,제조·화학
,축전지제조업,전기·전자·제어,제조·화학
,남자용겉옷제조업,섬유·의류·패션,제조·화학
,비주거용건물임대업,부동산·임대·중개,건설업
,비주거용건물임대업,부동산·임대·중개,건설업
,금속포장용기제조업,금속·재료·철강·요업,제조·화학
,포장용플라스틱성형용기제조업,석유·화학·에너지,제조·화학
,도금착색표면처리강재제조업,금속·재료·철강·요업,제조·화학
,골프장운영업,레저·스포츠·여가,서비스업
,운송장비용주유소운영업,AS·카센터·주유,서비스업
,전문직별공사업,건설·건축·토목·시공,건설업
,자동차신품부품제조업,기계·설비·자동차,제조·화학
,도금착색표면처리강재제조업,금속·재료·철강·요업,제조·화학
,자동차신품부품제조업,기계·설비·자동차,제조·화학
,화력발전업,석유·화학·에너지,제조·화학
,유선통신업,네트워크·통신·모바일,IT·웹·통신
,유선통신업,네트워크·통신·모바일,IT·웹·통신
,호텔업,호텔·여행·항공,서비스업
,의약품도매업,유통·무역·상사,판매∙유통
,아파트건설업,건설·건축·토목·시공,건설업
,비주거용건물임대업,부동산·임대·중개,건설업
,호텔업,호텔·여행·항공,서비스업
,자동차신품판매업,판매,판매∙유통
,임대업부동산제외,부동산·임대·중개,건설업
,가전제품부품도매업,유통·무역·상사,판매∙유통
,화학물질화학제품도매업,유통·무역·상사,판매∙유통
,전자감지장치제조업,전기·전자·제어,제조·화학
,부동산개발공급업,건설·건축·토목·시공,건설업
,주거용건물개발공급업,건설·건축·토목·시공,건설업
,화력발전업,석유·화학·에너지,제조·화학
,부동산임대업,부동산·임대·중개,건설업
,기초화학물질제조업,석유·화학·에너지,제조·화학
,증기온수공기조절공급업,환경·설비,건설업
,부동산관리업,부동산·임대·중개,건설업
,의약품도매업,유통·무역·상사,판매∙유통
,항만수로유사구조물건설업,건설·건축·토목·시공,건설업
,사업시설유지관리서비스업,시설관리·경비·용역,서비스업
,부동산개발공급업,건설·건축·토목·시공,건설업
,커피전문점,외식업·식음료,서비스업
,시계귀금속제품도매업,유통·무역·상사,판매∙유통
,운송관련서비스업,운송·운수·물류,판매∙유통
,화물자동차특수목적용자동차제조업,기계·설비·자동차,제조·화학
,자동차신품판매업,판매,판매∙유통
,주거용건물개발공급업,건설·건축·토목·시공,건설업
,주거용건물개발공급업,건설·건축·토목·시공,건설업
,자동차신품판매업,판매,판매∙유통
,선박구성부분품제조업,조선·항공·우주,제조·화학
,임시일용인력공급업,시설관리·경비·용역,서비스업
,발광다이오드제조업,반도체·광학·LCD,제조·화학
,메모리용전자집적회로제조업,전기·전자·제어,제조·화학
,자동차신품판매업,판매,판매∙유통
,방송프로그램제작업,방송사·케이블,미디어·디자인
,갬블링베팅업,호텔·여행·항공,서비스업
,데이터베이스온라인정보제공업,솔루션·SI·ERP·CRM,IT·웹·통신
,다이오드트랜지스터유사반도체소자제조업,반도체·광학·LCD,제조·화학
,외항화물운송업,운송·운수·물류,판매∙유통
,도로관련시설운영업,도로·항만,건설업
,도로관련시설운영업,도로·항만,건설업
,골판지종이상자용기제조업,가구·목재·제지,제조·화학
,골판지제조업,가구·목재·제지,제조·화학
,사무용가구기기도매업,유통·무역·상사,판매∙유통
,아파트건설업,건설·건축·토목·시공,건설업
,주류도매업,유통·무역·상사,판매∙유통
,원양어업,농업·어업·광업·임업,제조·화학
,호텔업,호텔·여행·항공,서비스업
,철강제조업,금속·재료·철강·요업,제조·화학
,전기용기계장비관련기자재도매업,유통·무역·상사,판매∙유통
,의약품도매업,유통·무역·상사,판매∙유통
,자동차용신품조향장치현가장치제조업,기계·설비·자동차,제조·화학
,자동차신품판매업,판매,판매∙유통
,전문도매업,유통·무역·상사,판매∙유통
,비주거용건물건설업,건설·건축·토목·시공,건설업
,대형마트,판매,판매∙유통
,지주회사,기타금융,은행·금융업
,선박구성부분품제조업,조선·항공·우주,제조·화학
,휴양콘도운영업,호텔·여행·항공,서비스업
,도매상품중개업,유통·무역·상사,판매∙유통
,비주거용건물임대업,부동산·임대·중개,건설업
,아파트건설업,건설·건축·토목·시공,건설업
,아파트건설업,건설·건축·토목·시공,건설업
,부동산업,부동산·임대·중개,건설업
,비주거용건물임대업,부동산·임대·중개,건설업
,완제의약품제조업,제약·보건·바이오,의료·제약·복지
,자료처리업,출판·인쇄·사진,미디어·디자인
,가정용전기기기제조업,생활용품·소비재·사무,제조·화학
,선박구성부분품제조업,조선·항공·우주,제조·화학
,자동차엔진용신품부품제조업,기계·설비·자동차,제조·화학
,인쇄회로기판용적층판제조업,전기·전자·제어,제조·화학
,통신판매업,판매,판매∙유통
,부동산중개대리업,부동산·임대·중개,건설업
,도로건설업,건설·건축·토목·시공,건설업
,시멘트제조업,금속·재료·철강·요업,제조·화학
,레미콘제조업,기계·설비·자동차,제조·화학
,시멘트제조업,금속·재료·철강·요업,제조·화학
,승용차여객용자동차제조업,기계·설비·자동차,제조·화학
,위생용종이제품제조업,가구·목재·제지,제조·화학
,가방보호용케이스도매업,유통·무역·상사,판매∙유통
,화장품제조업,화장품·뷰티,제조·화학
,분류안된운송관련서비스업,운송·운수·물류,판매∙유통
,호텔업,호텔·여행·항공,서비스업
,액체연료관련제품도매업,유통·무역·상사,판매∙유통
,자동차임대업,렌탈·임대,서비스업
,호텔업,호텔·여행·항공,서비스업
,피복충전용접봉제조업,금속·재료·철강·요업,제조·화학
,외항화물운송업,운송·운수·물류,판매∙유통
,슈퍼마켓,판매,판매∙유통
,반도체제조용기계제조업,반도체·광학·LCD,제조·화학
,비알코올음료제조업,식품가공·개발,제조·화학
,연료용가스제조배관공급업,기계·설비·자동차,제조·화학
,부동산임대업,부동산·임대·중개,건설업
,일반창고업,운송·운수·물류,판매∙유통
,양돈업,농업·어업·광업·임업,제조·화학
,영화관운영업,레저·스포츠·여가,서비스업
,식료품제조업,식품가공·개발,제조·화학
,사업지원서비스업,기타서비스업,서비스업
,화장품비누방향제소매업,판매,판매∙유통
,설탕제조업,식품가공·개발,제조·화학
,프로그램공급업,솔루션·SI·ERP·CRM,IT·웹·통신
,영상오디오기록물제작배급업,영화·배급·음악,미디어·디자인
,가공식품도매업,유통·무역·상사,판매∙유통
,완제의약품제조업,제약·보건·바이오,의료·제약·복지
,전기업,전기·전자·제어,제조·화학
,발전업,석유·화학·에너지,제조·화학
,바이오연료혼합물제조업,석유·화학·에너지,제조·화학
,전기전자정밀기기수리업,AS·카센터·주유,서비스업
,신발도매업,유통·무역·상사,판매∙유통
,기관구내식당업,외식업·식음료,서비스업
,지정폐기물처리업,환경,제조·화학
,무선통신장비제조업,네트워크·통신·모바일,IT·웹·통신
,서양식음식점업,외식업·식음료,서비스업
,부동산임대업,부동산·임대·중개,건설업
,디스플레이장치용유리제조업,반도체·광학·LCD,제조·화학
,철물금속파스너수공구도매업,유통·무역·상사,판매∙유통
,전자감지장치제조업,전기·전자·제어,제조·화학
,판유리제조업,식품가공·개발,제조·화학
,지주회사,기타금융,은행·금융업
,레미콘제조업,기계·설비·자동차,제조·화학
,시멘트제조업,금속·재료·철강·요업,제조·화학
,기초유기화학물질제조업,석유·화학·에너지,제조·화학
,크라프트지상자용판지제조업,가구·목재·제지,제조·화학
,비주거용건물임대업,부동산·임대·중개,건설업
,데이터베이스온라인정보제공업,솔루션·SI·ERP·CRM,IT·웹·통신
,컴퓨터시스템통합자문구축서비스업,IT컨설팅,IT·웹·통신
,항공운송지원서비스업,운송·운수·물류,판매∙유통
,항공여객운송업,운송·운수·물류,판매∙유통
,아파트건설업,건설·건축·토목·시공,건설업
,자동차신품판매업,판매,판매∙유통
,주거용건물개발공급업,건설·건축·토목·시공,건설업
,신용조사추심대행업,은행·금융·저축,은행·금융업
,투자기관,은행·금융·저축,은행·금융업
,타일유사비내화요업제품제조업,금속·재료·철강·요업,제조·화학
,지주회사,기타금융,은행·금융업
,해상운송업,운송·운수·물류,판매∙유통
,일반기계장비수리업,AS·카센터·주유,서비스업
,경영컨설팅업,연구소·컨설팅·조사,기관∙협회
,레미콘제조업,기계·설비·자동차,제조·화학
,자동차신품판매업,판매,판매∙유통
,레미콘제조업,기계·설비·자동차,제조·화학
,다이오드트랜지스터유사반도체소자제조업,반도체·광학·LCD,제조·화학
,자동차차체용신품부품제조업,기계·설비·자동차,제조·화학
,운동경기용품도매업,유통·무역·상사,판매∙유통
,완제의약품제조업,제약·보건·바이오,의료·제약·복지
,지상파방송업,방송사·케이블,미디어·디자인
,증기온수공기조절공급업,환경·설비,건설업
,주거용건물개발공급업,건설·건축·토목·시공,건설업
,금속류해체선별업,금속·재료·철강·요업,제조·화학
,부동산업,부동산·임대·중개,건설업
,완제의약품제조업,제약·보건·바이오,의료·제약·복지
,골프장운영업,레저·스포츠·여가,서비스업
,치약비누세제제조업,생활용품·소비재·사무,제조·화학
,백화점,판매,판매∙유통
,기초화학물질제조업,석유·화학·에너지,제조·화학
,합성수지플라스틱물질제조업,석유·화학·에너지,제조·화학
,도금착색표면처리강재제조업,금속·재료·철강·요업,제조·화학
,자동차차체용신품부품제조업,기계·설비·자동차,제조·화학
,화장품화장용품도매업,유통·무역·상사,판매∙유통
,주거용건물개발공급업,건설·건축·토목·시공,건설업
,메모리용전자집적회로제조업,전기·전자·제어,제조·화학
,주거용건물건설업,건설·건축·토목·시공,건설업
,어업,농업·어업·광업·임업,제조·화학
,다이오드트랜지스터유사반도체소자제조업,반도체·광학·LCD,제조·화학
,기체펌프압축기제조업,기계·설비·자동차,제조·화학
,운송장비조립용플라스틱제품제조업,석유·화학·에너지,제조·화학
,외국식음식점업,외식업·식음료,서비스업
,통신방송장비부품도매업,유통·무역·상사,판매∙유통
,컴퓨터시스템통합자문구축서비스업,IT컨설팅,IT·웹·통신
,산업용가스제조업,석유·화학·에너지,제조·화학
,인쇄회로기판용적층판제조업,전기·전자·제어,제조·화학
,여행사업,호텔·여행·항공,서비스업
,이동전화기제조업,기계·설비·자동차,제조·화학
,컴퓨터주변장치소프트웨어도매업,유통·무역·상사,판매∙유통
,임시일용인력공급업,시설관리·경비·용역,서비스업
,자동차신품부품제조업,기계·설비·자동차,제조·화학
,응용소프트웨어개발공급업,솔루션·SI·ERP·CRM,IT·웹·통신
,자동차신품부품제조업,기계·설비·자동차,제조·화학
,지반조성건설업,건설·건축·토목·시공,건설업
,비주거용건물임대업,부동산·임대·중개,건설업
,화력발전업,석유·화학·에너지,제조·화학
,합성수지플라스틱물질제조업,석유·화학·에너지,제조·화학
,금융지원서비스업,은행·금융·저축,은행·금융업
,구조용금속판제품공작물제조업,금속·재료·철강·요업,제조·화학
,일반용도료관련제품제조업,석유·화학·에너지,제조·화학
,부동산임대업,부동산·임대·중개,건설업
,자전거환자용차량제조업,기계·설비·자동차,제조·화학
,도로건설업,건설·건축·토목·시공,건설업
,신용조사추심대행업,은행·금융·저축,은행·금융업
,기체연료관련제품도매업,유통·무역·상사,판매∙유통
,토목시설물건설업,건설·건축·토목·시공,건설업
,전문도매업,유통·무역·상사,판매∙유통
,지주회사,기타금융,은행·금융업
,비주거용건물개발공급업,건설·건축·토목·시공,건설업
,사업지원서비스업,기타서비스업,서비스업
,가정용비전기식조리난방기구제조업,생활용품·소비재·사무,제조·화학
,산업용가스제조업,석유·화학·에너지,제조·화학
,축전지제조업,전기·전자·제어,제조·화학
,생물학적제제제조업,석유·화학·에너지,제조·화학
,기초의약물질생물학적제제제조업,석유·화학·에너지,제조·화학
,의약용화합물항생물질제조업,제약·보건·바이오,제조·화학
,유선통신업,네트워크·통신·모바일,IT·웹·통신
,통신판매업,판매,판매∙유통
,경영컨설팅업,연구소·컨설팅·조사,기관∙협회
,다이오드트랜지스터유사반도체소자제조업,반도체·광학·LCD,제조·화학
,화학제품제조업,석유·화학·에너지,제조·화학
,전자부품제조업,전기·전자·제어,제조·화학
,전자부품제조업,전기·전자·제어,제조·화학
,통신방송장비부품도매업,유통·무역·상사,판매∙유통
,플라스틱제품제조업,석유·화학·에너지,제조·화학
,플라스틱필름제조업,석유·화학·에너지,제조·화학
,석유화학계기초화학물질제조업,석유·화학·에너지,제조·화학
,산업용가스제조업,석유·화학·에너지,제조·화학
,시스템소프트웨어개발공급업,솔루션·SI·ERP·CRM,IT·웹·통신
,화력발전업,석유·화학·에너지,제조·화학
,시스템소프트웨어개발공급업,솔루션·SI·ERP·CRM,IT·웹·통신
,조경건설업,실내·인테리어·조경,건설업
,석유화학계기초화학물질제조업,석유·화학·에너지,제조·화학
,데이터베이스온라인정보제공업,솔루션·SI·ERP·CRM,IT·웹·통신
,합성수지플라스틱물질제조업,석유·화학·에너지,제조·화학
,방송무선통신장비제조업,네트워크·통신·모바일,IT·웹·통신
,무선위성통신업,네트워크·통신·모바일,IT·웹·통신
,유선통신업,네트워크·통신·모바일,IT·웹·통신
,목재건축자재중개업,부동산·임대·중개,건설업
,바이오연료혼합물제조업,석유·화학·에너지,제조·화학
,완제의약품제조업,제약·보건·바이오,의료·제약·복지
,우편통신업,운송·운수·물류,판매∙유통
,골프장운영업,레저·스포츠·여가,서비스업
,다이오드트랜지스터유사반도체소자제조업,반도체·광학·LCD,제조·화학
,전자집적회로제조업,전기·전자·제어,제조·화학
,사업시설관리조경서비스업,실내·인테리어·조경,건설업
,사업시설유지관리서비스업,시설관리·경비·용역,서비스업
,컴퓨터시스템통합자문구축서비스업,IT컨설팅,IT·웹·통신
,비주거용건물개발공급업,건설·건축·토목·시공,건설업
,내연기관제조업,기계·설비·자동차,제조·화학
,전기장비제조업,전기·전자·제어,제조·화학
,의약품제조업,제약·보건·바이오,제조·화학
,빵류제조업,식품가공·개발,제조·화학
,윤활유그리스제조업,석유·화학·에너지,제조·화학
,산업용가스제조업,석유·화학·에너지,제조·화학
,항공여객운송업,운송·운수·물류,판매∙유통
,항공운송업,운송·운수·물류,판매∙유통
,산업용가스제조업,석유·화학·에너지,제조·화학
,비주거용건물건설업,건설·건축·토목·시공,건설업
,공기조화장치제조업,환경,제조·화학
,사업무형재산권중개업,법률·법무·특허,기관∙협회
,신용조사추심대행업,은행·금융·저축,은행·금융업
,엔지니어링서비스업,연구소·컨설팅·조사,기관∙협회
,메모리용전자집적회로제조업,전기·전자·제어,제조·화학
,부동산개발공급업,건설·건축·토목·시공,건설업
,부동산업,부동산·임대·중개,건설업
,주거용건물개발공급업,건설·건축·토목·시공,건설업
,주거용건물개발공급업,건설·건축·토목·시공,건설업
,주거용건물개발공급업,건설·건축·토목·시공,건설업
,골프장운영업,레저·스포츠·여가,서비스업
,자동차임대업,렌탈·임대,서비스업
,주차장운영업,시설관리·경비·용역,서비스업
,주차장운영업,시설관리·경비·용역,서비스업
,주차장운영업,시설관리·경비·용역,서비스업
,의학약학연구개발업,연구소·컨설팅·조사,기관∙협회
,지주회사,기타금융,은행·금융업
,소매업자동차제외,판매,판매∙유통
,건축물일반청소업,시설관리·경비·용역,서비스업
,전기통신공사업,환경·설비,건설업
,비주거용건물임대업,부동산·임대·중개,건설업
,건반악기제조업,기타제조업,제조·화학
,건물건설업,건설·건축·토목·시공,건설업
,화학제품제조업,석유·화학·에너지,제조·화학
,외항화물운송업,운송·운수·물류,판매∙유통
,시스템소프트웨어개발공급업,솔루션·SI·ERP·CRM,IT·웹·통신
,사업시설유지관리서비스업,시설관리·경비·용역,서비스업
,유아용의류도매업,유통·무역·상사,판매∙유통
,내연기관제조업,기계·설비·자동차,제조·화학
,축전지제조업,전기·전자·제어,제조·화학
,컴퓨터프린터제조업,전기·전자·제어,제조·화학
,식용정제유가공유제조업,석유·화학·에너지,제조·화학
,부동산임대업,부동산·임대·중개,건설업
,백화점,판매,판매∙유통
,계면활성제제조업,석유·화학·에너지,제조·화학
,비주거용건물임대업,부동산·임대·중개,건설업
,부동산중개대리업,부동산·임대·중개,건설업
,지정폐기물처리업,환경,제조·화학
,자동차차체용신품부품제조업,기계·설비·자동차,제조·화학
,자동차신품판매업,판매,판매∙유통
,셔츠블라우스소매업,판매,판매∙유통
,부동산업,부동산·임대·중개,건설업
,신용조사추심대행업,은행·금융·저축,은행·금융업
,창고운송관련서비스업,운송·운수·물류,판매∙유통
,자동차용신품조향장치현가장치제조업,기계·설비·자동차,제조·화학
,자동차용신품조향장치현가장치제조업,기계·설비·자동차,제조·화학
,석탄화학계화합물기초유기화학물질제조업,석유·화학·에너지,제조·화학
,부동산업,부동산·임대·중개,건설업
,신용카드할부금융업,은행·금융·저축,은행·금융업
,선물중개업,은행·금융·저축,은행·금융업
,신탁업집합투자업,은행·금융·저축,은행·금융업
,게임소프트웨어개발공급업,게임,IT·웹·통신
,시스템소프트웨어개발공급업,솔루션·SI·ERP·CRM,IT·웹·통신
,내항화물운송업,운송·운수·물류,판매∙유통
,상호저축은행저축기관,은행·금융·저축,은행·금융업
,부동산업,부동산·임대·중개,건설업
,도장피막처리업,기타제조업,제조·화학
,데이터베이스온라인정보제공업,솔루션·SI·ERP·CRM,IT·웹·통신
,부동산임대공급업,부동산·임대·중개,건설업
,합성수지플라스틱물질제조업,석유·화학·에너지,제조·화학
,포장용플라스틱성형용기제조업,석유·화학·에너지,제조·화학
,건물건설업,건설·건축·토목·시공,건설업
,무기총포탄제조업,기계·설비·자동차,제조·화학
,자동차신품판매업,판매,판매∙유통
,화장품화장용품도매업,유통·무역·상사,판매∙유통
,상품중개업,유통·무역·상사,판매∙유통
,제련정련합금제조업,금속·재료·철강·요업,제조·화학
,산업처리공정제어장비제조업,기계·설비·자동차,제조·화학
,금속가공제품제조업,금속·재료·철강·요업,제조·화학
,유리창호공사업,실내·인테리어·조경,건설업
,옥외시설물축조관련전문공사업,환경·설비,건설업
,비주거용건물임대업,부동산·임대·중개,건설업
,기계장비제조업,기계·설비·자동차,제조·화학
,자동차트레일러제조업,기계·설비·자동차,제조·화학
,자동차용신품동력전달장치전기장치제조업,기계·설비·자동차,제조·화학
,절연선케이블제조업,전기·전자·제어,제조·화학
,지주회사,기타금융,은행·금융업
,액정표시장치제조업,반도체·광학·LCD,제조·화학
,위생용종이제품제조업,가구·목재·제지,제조·화학
,전자부품제조업,전기·전자·제어,제조·화학
,환경관련엔지니어링서비스업,연구소·컨설팅·조사,기관∙협회
,전자축전기제조업,전기·전자·제어,제조·화학
,전자감지장치제조업,전기·전자·제어,제조·화학
,토공사업,건설·건축·토목·시공,건설업
,부동산개발공급업,건설·건축·토목·시공,건설업
,비주거용건물개발공급업,건설·건축·토목·시공,건설업
,석탄화학계화합물기초유기화학물질제조업,석유·화학·에너지,제조·화학
,외항화물운송업,운송·운수·물류,판매∙유통
,지주회사,기타금융,은행·금융업
,주거용건물개발공급업,건설·건축·토목·시공,건설업
,부동산개발공급업,건설·건축·토목·시공,건설업
,발광다이오드제조업,반도체·광학·LCD,제조·화학
,음료소매업,판매,판매∙유통
,커피전문점,외식업·식음료,서비스업
,전자부품제조업,전기·전자·제어,제조·화학
,지반조성건설업,건설·건축·토목·시공,건설업
,지상파방송업,방송사·케이블,미디어·디자인
,석유화학계기초화학물질제조업,석유·화학·에너지,제조·화학
,연료용가스제조배관공급업,기계·설비·자동차,제조·화학
,발전업,석유·화학·에너지,제조·화학
,증기냉온수공기조절공급업,기계·설비·자동차,제조·화학
,완제의약품제조업,제약·보건·바이오,의료·제약·복지
,부동산개발공급업,건설·건축·토목·시공,건설업
,비주거용건물임대업,부동산·임대·중개,건설업
,전자부품실장기판제조업,전기·전자·제어,제조·화학
,유압기기제조업,기계·설비·자동차,제조·화학
,부동산개발공급업,건설·건축·토목·시공,건설업
,분류안된금융업,은행·금융·저축,은행·금융업
,부동산개발공급업,건설·건축·토목·시공,건설업
,통신판매업,판매,판매∙유통
,자동차엔진용신품부품제조업,기계·설비·자동차,제조·화학
,위험물품보관업,운송·운수·물류,판매∙유통
,빵류제조업,식품가공·개발,제조·화학
,곡물혼합분말반죽제조업,식품가공·개발,제조·화학
,차류가공업,식품가공·개발,제조·화학
,지주회사,기타금융,은행·금융업
,호텔업,호텔·여행·항공,서비스업
,기초무기화학물질제조업,석유·화학·에너지,제조·화학
,맥아맥주제조업,식품가공·개발,제조·화학
,부동산개발공급업,건설·건축·토목·시공,건설업
,사무상업용공공기관용건물건설업,건설·건축·토목·시공,건설업
,치과용기기제조업,기계·설비·자동차,제조·화학
,요업용도포제관련제품제조업,금속·재료·철강·요업,제조·화학
,액체연료관련제품도매업,유통·무역·상사,판매∙유통
,육류도매업,유통·무역·상사,판매∙유통
,공기조화장치제조업,환경,제조·화학
,자동차부품제조업,기계·설비·자동차,제조·화학
,자동차전문수리업,AS·카센터·주유,서비스업
,도로건설업,건설·건축·토목·시공,건설업
,의약품도매업,유통·무역·상사,판매∙유통
,위험물품보관업,운송·운수·물류,판매∙유통
,유선통신장비제조업,네트워크·통신·모바일,IT·웹·통신
,일반생활숙박시설운영업,호텔·여행·항공,서비스업
,디스플레이제조용기계제조업,기계·설비·자동차,제조·화학
,남자용겉옷제조업,섬유·의류·패션,제조·화학
,부동산중개대리업,부동산·임대·중개,건설업
,열간압연압출제품제조업,금속·재료·철강·요업,제조·화학
,환경설비건설업,환경·설비,건설업
,도로건설업,건설·건축·토목·시공,건설업
,아파트건설업,건설·건축·토목·시공,건설업
,일반화물자동차운송업,운송·운수·물류,판매∙유통
,석탄화학계화합물기초유기화학물질제조업,석유·화학·에너지,제조·화학
,철강제조업,금속·재료·철강·요업,제조·화학
,종합건설업,건설·건축·토목·시공,건설업
,자동차신품부품제조업,기계·설비·자동차,제조·화학
,자동차용신품조향장치현가장치제조업,기계·설비·자동차,제조·화학
,수산식물가공저장처리업,식품가공·개발,제조·화학
,신용조사추심대행업,은행·금융·저축,은행·금융업
,컴퓨터시스템통합자문구축서비스업,IT컨설팅,IT·웹·통신
,전자감지장치제조업,전기·전자·제어,제조·화학
,아파트건설업,건설·건축·토목·시공,건설업
,비주거용건물개발공급업,건설·건축·토목·시공,건설업
,원유천연가스채굴업,석유·화학·에너지,제조·화학
,교량터널철도건설업,건설·건축·토목·시공,건설업
,아파트건설업,건설·건축·토목·시공,건설업
,내항화물운송업,운송·운수·물류,판매∙유통
,비주거용건물임대업,부동산·임대·중개,건설업
,아파트건설업,건설·건축·토목·시공,건설업
,호텔업,호텔·여행·항공,서비스업
,금속탱크저장용기제조업,금속·재료·철강·요업,제조·화학
,도시철도운송업,운송·운수·물류,판매∙유통
,비알코올음료제조업,식품가공·개발,제조·화학
,의약품도매업,유통·무역·상사,판매∙유통
,자동차트레일러제조업,기계·설비·자동차,제조·화학
,무기안료용금속산화물관련제품제조업,금속·재료·철강·요업,제조·화학
,지상파방송업,방송사·케이블,미디어·디자인
,화학물질화학제품제조업의약품제외,석유·화학·에너지,제조·화학
,하수폐수처리업,환경·설비,건설업
,비알코올음료제조업,식품가공·개발,제조·화학
,반도체제조업,반도체·광학·LCD,제조·화학
,업종미분류,,업종미분류
,콘크리트철근공사업,건설·건축·토목·시공,건설업
,특수목적용기계제조업,기계·설비·자동차,제조·화학
,부동산개발공급업,건설·건축·토목·시공,건설업
,라디오방송업,방송사·케이블,미디어·디자인
,일반교과학원,학원·어학원,교육업
,영화비디오물방송프로그램배급업,영화·배급·음악,미디어·디자인
,여행사업,호텔·여행·항공,서비스업
,비주거용건물개발공급업,건설·건축·토목·시공,건설업
,증기온수공기조절공급업,환경·설비,건설업
,자동차용신품동력전달장치제조업,기계·설비·자동차,제조·화학
,액체펌프제조업,기계·설비·자동차,제조·화학
,육상운송지원서비스업,운송·운수·물류,판매∙유통
,반도체제조용기계제조업,반도체·광학·LCD,제조·화학
,주거용건물개발공급업,건설·건축·토목·시공,건설업
,항공육상화물취급업,운송·운수·물류,판매∙유통
,기계장비도매업,유통·무역·상사,판매∙유통
,금속가공업,금속·재료·철강·요업,제조·화학
,부동산임대업,부동산·임대·중개,건설업
,비주거용건물개발공급업,건설·건축·토목·시공,건설업
,비주거용건물임대업,부동산·임대·중개,건설업
,윤활유그리스제조업,석유·화학·에너지,제조·화학
,전문직별공사업,건설·건축·토목·시공,건설업
,금융투자업,은행·금융·저축,은행·금융업
,자동차신품부품제조업,기계·설비·자동차,제조·화학
,레미콘제조업,기계·설비·자동차,제조·화학
,골프장운영업,레저·스포츠·여가,서비스업
,골판지제조업,가구·목재·제지,제조·화학
,비철금속제조업,기계·설비·자동차,제조·화학
,외항화물운송업,운송·운수·물류,판매∙유통
,위생용종이제품제조업,가구·목재·제지,제조·화학
,플라스틱포대봉투유사제품제조업,석유·화학·에너지,제조·화학
,통관대리관련서비스업,호텔·여행·항공,서비스업
,토목건설업,건설·건축·토목·시공,건설업
,비주거용건물임대업,부동산·임대·중개,건설업
,부동산개발공급업,건설·건축·토목·시공,건설업
,박판합판유사적층판제조업,금속·재료·철강·요업,제조·화학
,전기가스증기공기조절공급업,전기·전자·제어,제조·화학
,합성수지플라스틱물질제조업,석유·화학·에너지,제조·화학
,합성수지플라스틱물질제조업,석유·화학·에너지,제조·화학
,시스템소프트웨어개발공급업,솔루션·SI·ERP·CRM,IT·웹·통신
,뉴스제공업,신문·잡지·언론사,미디어·디자인
,자동차트레일러제조업,기계·설비·자동차,제조·화학
,자동차용신품조향장치현가장치제조업,기계·설비·자동차,제조·화학
,사업시설유지관리서비스업,시설관리·경비·용역,서비스업
,지반조성건설업,건설·건축·토목·시공,건설업
,레미콘제조업,기계·설비·자동차,제조·화학
,항공여객운송업,운송·운수·물류,판매∙유통
,창고운송관련서비스업,운송·운수·물류,판매∙유통
,전자부품제조업,전기·전자·제어,제조·화학
,아파트건설업,건설·건축·토목·시공,건설업
,전자감지장치제조업,전기·전자·제어,제조·화학
,금융업,은행·금융·저축,은행·금융업
,일반교과학원,학원·어학원,교육업
,건물건설업,건설·건축·토목·시공,건설업
,호환성공구제조업,기타제조업,제조·화학
,염료안료관련제품도매업,유통·무역·상사,판매∙유통
,한의약품제조업,제약·보건·바이오,제조·화학
,자동차신품부품제조업,기계·설비·자동차,제조·화학
,아파트건설업,건설·건축·토목·시공,건설업
,공항운영업,호텔·여행·항공,서비스업
,부동산업,부동산·임대·중개,건설업
,종합건설업,건설·건축·토목·시공,건설업
,연료용가스제조배관공급업,기계·설비·자동차,제조·화학
,항구해상터미널운영업,호텔·여행·항공,서비스업
,수상화물취급업,운송·운수·물류,판매∙유통
,자료처리업,출판·인쇄·사진,미디어·디자인
,비주거용건물개발공급업,건설·건축·토목·시공,건설업
,증기온수공기조절공급업,환경·설비,건설업
,보험대리중개업,증권·보험·카드,은행·금융업
,일반화물자동차운송업,운송·운수·물류,판매∙유통
,수상화물취급업,운송·운수·물류,판매∙유통
,임시일용인력공급업,시설관리·경비·용역,서비스업
,기초유기화학물질제조업,석유·화학·에너지,제조·화학
,목재건축자재중개업,부동산·임대·중개,건설업
,목재건축자재중개업,부동산·임대·중개,건설업
,완제의약품제조업,제약·보건·바이오,의료·제약·복지
,도로건설업,건설·건축·토목·시공,건설업
,골프장운영업,레저·스포츠·여가,서비스업
,아파트건설업,건설·건축·토목·시공,건설업
,방적업,섬유·의류·패션,제조·화학
,완제의약품제조업,제약·보건·바이오,의료·제약·복지
,반도체제조업,반도체·광학·LCD,제조·화학
,부동산임대공급업,부동산·임대·중개,건설업
,전자부품제조업,전기·전자·제어,제조·화학
,자동차용신품조향장치현가장치제조업,기계·설비·자동차,제조·화학
,다이오드트랜지스터유사반도체소자제조업,반도체·광학·LCD,제조·화학
,절연선케이블제조업,전기·전자·제어,제조·화학
,지주회사,기타금융,은행·금융업
,비주거용건물임대업,부동산·임대·중개,건설업
,남자용겉옷소매업,판매,판매∙유통
,사업시설유지관리서비스업,시설관리·경비·용역,서비스업
,전문직별공사업,건설·건축·토목·시공,건설업
,사업시설유지관리서비스업,시설관리·경비·용역,서비스업
,승용차여객용자동차제조업,기계·설비·자동차,제조·화학
,자동차용엔진제조업,기계·설비·자동차,제조·화학
,전자저항기제조업,전기·전자·제어,제조·화학
,외항화물운송업,운송·운수·물류,판매∙유통
,외항화물운송업,운송·운수·물류,판매∙유통
,디스플레이장치용유리제조업,반도체·광학·LCD,제조·화학
,연료용가스제조배관공급업,기계·설비·자동차,제조·화학
,비주거용부동산관리업,부동산·임대·중개,건설업
,연료용가스제조배관공급업,기계·설비·자동차,제조·화학
,연료용가스제조배관공급업,기계·설비·자동차,제조·화학
,지상파방송업,방송사·케이블,미디어·디자인
,부동산업,부동산·임대·중개,건설업
,비주거용건물임대업,부동산·임대·중개,건설업
,부동산중개대리업,부동산·임대·중개,건설업
,구조용금속제품제조업,금속·재료·철강·요업,제조·화학
,주거용건물개발공급업,건설·건축·토목·시공,건설업
,방사선장치제조업,석유·화학·에너지,제조·화학
,의약품제조업,제약·보건·바이오,제조·화학
,의료용품의약관련제품제조업,제약·보건·바이오,의료·제약·복지
,지주회사,기타금융,은행·금융업
,산업용기계장비도매업,유통·무역·상사,판매∙유통
,컴퓨터주변장치소프트웨어도매업,유통·무역·상사,판매∙유통
,부동산임대업,부동산·임대·중개,건설업
,바이오연료혼합물제조업,석유·화학·에너지,제조·화학
,절연선케이블제조업,전기·전자·제어,제조·화학
,비주거용건물개발공급업,건설·건축·토목·시공,건설업
,석유화학계기초화학물질제조업,석유·화학·에너지,제조·화학
,아파트건설업,건설·건축·토목·시공,건설업
,아파트건설업,건설·건축·토목·시공,건설업
,유선방송업,방송사·케이블,미디어·디자인
,목재건축자재중개업,부동산·임대·중개,건설업
,아파트건설업,건설·건축·토목·시공,건설업
,배합사료제조업,기타제조업,제조·화학
,완제의약품제조업,제약·보건·바이오,의료·제약·복지
,가방가죽제품소매업,판매,판매∙유통
,지상파방송업,방송사·케이블,미디어·디자인
,스포츠클럽운영업,레저·스포츠·여가,서비스업
,호텔업,호텔·여행·항공,서비스업
,하수처리업,환경·설비,건설업
,음악오디오물출판업,영화·배급·음악,미디어·디자인
,외항화물운송업,운송·운수·물류,판매∙유통
,내화요업제품제조업,금속·재료·철강·요업,제조·화학
,가공공작기계제조업,기계·설비·자동차,제조·화학
,화장품도매업,유통·무역·상사,판매∙유통
,비주거용부동산관리업,부동산·임대·중개,건설업
,포털인터넷정보매개서비스업,웹에이젼시,IT·웹·통신
,아파트건설업,건설·건축·토목·시공,건설업
,아파트건설업,건설·건축·토목·시공,건설업
,연료용가스제조배관공급업,기계·설비·자동차,제조·화학
,시내버스운송업,운송·운수·물류,판매∙유통
,자동차신품판매업,판매,판매∙유통
,신문발행업,출판·인쇄·사진,미디어·디자인
,지반조성건설업,건설·건축·토목·시공,건설업
,종합건설업,건설·건축·토목·시공,건설업
,아파트건설업,건설·건축·토목·시공,건설업
,아파트건설업,건설·건축·토목·시공,건설업
,아파트건설업,건설·건축·토목·시공,건설업
,아파트건설업,건설·건축·토목·시공,건설업
,주류도매업,유통·무역·상사,판매∙유통
,레미콘제조업,기계·설비·자동차,제조·화학
,전기용기계장비관련기자재도매업,유통·무역·상사,판매∙유통
,의료기기도매업,유통·무역·상사,판매∙유통
,주거용건물건설업,건설·건축·토목·시공,건설업
,일반전기공사업,환경·설비,건설업
,바이오연료혼합물제조업,석유·화학·에너지,제조·화학
,비철금속제련정련합금제조업,기계·설비·자동차,제조·화학
,액체연료관련제품도매업,유통·무역·상사,판매∙유통
,증기냉온수공기조절공급업,기계·설비·자동차,제조·화학
,화력발전업,석유·화학·에너지,제조·화학
,주차장운영업,시설관리·경비·용역,서비스업
,특수목적용기계제조업,기계·설비·자동차,제조·화학
,보험대리중개업,증권·보험·카드,은행·금융업
,부동산개발공급업,건설·건축·토목·시공,건설업
,자동차신품부품제조업,기계·설비·자동차,제조·화학
,자동차신품판매업,판매,판매∙유통
,일반기계장비수리업,AS·카센터·주유,서비스업
,핵반응기증기보일러제조업,석유·화학·에너지,제조·화학
,방사선장치제조업,석유·화학·에너지,제조·화학
,강관제조업,금속·재료·철강·요업,제조·화학
,비주거용건물임대업,부동산·임대·중개,건설업
,골프장운영업,레저·스포츠·여가,서비스업
,폴리스티렌발포성형제품제조업,석유·화학·에너지,제조·화학
,기초화학물질제조업,석유·화학·에너지,제조·화학
,합성수지플라스틱물질제조업,석유·화학·에너지,제조·화학
,부동산업,부동산·임대·중개,건설업
,도로건설업,건설·건축·토목·시공,건설업
,종합건설업,건설·건축·토목·시공,건설업
,태양력발전업,석유·화학·에너지,제조·화학
,외항화물운송업,운송·운수·물류,판매∙유통
,도로관련시설운영업,도로·항만,건설업
,도로관련시설운영업,도로·항만,건설업
,부동산개발공급업,건설·건축·토목·시공,건설업
,사업무형재산권중개업,법률·법무·특허,기관∙협회
,골프장운영업,레저·스포츠·여가,서비스업
,일반화물자동차운송업,운송·운수·물류,판매∙유통
,주거용건물개발공급업,건설·건축·토목·시공,건설업
,금융투자업,은행·금융·저축,은행·금융업
,비주거용건물개발공급업,건설·건축·토목·시공,건설업
,부동산개발공급업,건설·건축·토목·시공,건설업
,증기온수공기조절공급업,환경·설비,건설업
,육류가공업,식품가공·개발,제조·화학
,아파트건설업,건설·건축·토목·시공,건설업
,도시락류제조업,식품가공·개발,제조·화학
,토목시설물건설업,건설·건축·토목·시공,건설업
,부동산임대업,부동산·임대·중개,건설업
,액체여과기제조업,기계·설비·자동차,제조·화학
,편조의복제조업,섬유·의류·패션,제조·화학
,지상파방송업,방송사·케이블,미디어·디자인
,부동산업,부동산·임대·중개,건설업
,지상파방송업,방송사·케이블,미디어·디자인
,주거용건물임대업,부동산·임대·중개,건설업
,연료용가스제조배관공급업,기계·설비·자동차,제조·화학
,지정폐기물처리업,환경,제조·화학
,엔지니어링서비스업,연구소·컨설팅·조사,기관∙협회
,자동차용신품조향장치현가장치제조업,기계·설비·자동차,제조·화학
,사무용기계장비제조업,기계·설비·자동차,제조·화학
,안경사진장비광학용품도매업,유통·무역·상사,판매∙유통
,선철주물주조업,금속·재료·철강·요업,제조·화학
,의약품의료용품화장품도매업,유통·무역·상사,판매∙유통
,종이원지판지종이상자도매업,유통·무역·상사,판매∙유통
,전자코일변성기전자유도자제조업,전기·전자·제어,제조·화학
,영화비디오물방송프로그램배급업,영화·배급·음악,미디어·디자인
,신용조사추심대행업,은행·금융·저축,은행·금융업
,전자코일변성기전자유도자제조업,전기·전자·제어,제조·화학
,지주회사,기타금융,은행·금융업
,비주거용건물임대업,부동산·임대·중개,건설업
,전기업,전기·전자·제어,제조·화학
,자동차부품판매업,판매,판매∙유통
,자동차부품판매업,판매,판매∙유통
,손해사정업,은행·금융·저축,은행·금융업
,상품중개업,유통·무역·상사,판매∙유통
,외항화물운송업,운송·운수·물류,판매∙유통
,지정폐기물처리업,환경,제조·화학
,모터사이클제조업,기계·설비·자동차,제조·화학
,부동산개발공급업,건설·건축·토목·시공,건설업
,사업지원서비스업,기타서비스업,서비스업
,액체연료관련제품도매업,유통·무역·상사,판매∙유통
,건물산업설비청소방제서비스업,환경·설비,건설업
,일반창고업,운송·운수·물류,판매∙유통
,일반용도료관련제품제조업,석유·화학·에너지,제조·화학
,외항화물운송업,운송·운수·물류,판매∙유통
,자동차부품제조업,기계·설비·자동차,제조·화학
,운송장비용주유소운영업,AS·카센터·주유,서비스업
,임시일용인력공급업,시설관리·경비·용역,서비스업
,신발제조업,섬유·의류·패션,제조·화학
,사업시설유지관리서비스업,시설관리·경비·용역,서비스업
,신용조사추심대행업,은행·금융·저축,은행·금융업
,절연선케이블제조업,전기·전자·제어,제조·화학
,컴퓨터프로그래밍시스템통합관리업,솔루션·SI·ERP·CRM,IT·웹·통신
,전자상거래소매중개업,유통·무역·상사,판매∙유통
,보안시스템서비스업,정보보안·백신,IT·웹·통신
,무선위성통신업,네트워크·통신·모바일,IT·웹·통신
,통신재판매업,판매,판매∙유통
,의약용화합물항생물질제조업,제약·보건·바이오,제조·화학
,포장용플라스틱성형용기제조업,석유·화학·에너지,제조·화학
,전자카드제조업,전기·전자·제어,제조·화학
,디스플레이장치용유리제조업,반도체·광학·LCD,제조·화학
,지주회사,기타금융,은행·금융업
,철도여객운송업,운송·운수·물류,판매∙유통
,식료품위주종합소매업,판매,판매∙유통
,철도궤도전문공사업,건설·건축·토목·시공,건설업
,비철금속제련정련합금제조업,기계·설비·자동차,제조·화학
,목재건축자재중개업,부동산·임대·중개,건설업
,태양력발전업,석유·화학·에너지,제조·화학
,부동산업,부동산·임대·중개,건설업
,판유리가공품제조업,식품가공·개발,제조·화학
,전자상거래소매중개업,유통·무역·상사,판매∙유통
,일반창고업,운송·운수·물류,판매∙유통
,의약품도매업,유통·무역·상사,판매∙유통
,분류안된비금속광물제품제조업,금속·재료·철강·요업,제조·화학
,화장품제조업,화장품·뷰티,제조·화학
,식료품제조업,식품가공·개발,제조·화학
,지주회사,기타금융,은행·금융업
,화학제품제조업,석유·화학·에너지,제조·화학
,아파트건설업,건설·건축·토목·시공,건설업
,항만수로유사구조물건설업,건설·건축·토목·시공,건설업
,도로건설업,건설·건축·토목·시공,건설업
,자동차용전용신품부품판매업,판매,판매∙유통
,항공기용부품제조업,조선·항공·우주,제조·화학
,화학섬유제조업,섬유·의류·패션,제조·화학
,합성수지플라스틱물질제조업,석유·화학·에너지,제조·화학
,컴퓨터시스템통합자문구축서비스업,IT컨설팅,IT·웹·통신
,기초의약물질생물학적제제제조업,석유·화학·에너지,제조·화학
,발광다이오드제조업,반도체·광학·LCD,제조·화학
,엔지니어링서비스업,연구소·컨설팅·조사,기관∙협회
,사업시설유지관리서비스업,시설관리·경비·용역,서비스업
,자동차신품판매업,판매,판매∙유통
,중고자동차판매업,판매,판매∙유통
,환경설비건설업,환경·설비,건설업
,화학섬유제조업,섬유·의류·패션,제조·화학
,완제의약품제조업,제약·보건·바이오,의료·제약·복지
,합성수지플라스틱물질제조업,석유·화학·에너지,제조·화학
,부동산개발공급업,건설·건축·토목·시공,건설업
,지정폐기물처리업,환경,제조·화학
,연료용가스제조배관공급업,기계·설비·자동차,제조·화학
,개인서비스업,기타서비스업,서비스업
,비알코올음료제조업,식품가공·개발,제조·화학
,영화비디오물방송프로그램배급업,영화·배급·음악,미디어·디자인
,자동차엔진용신품부품제조업,기계·설비·자동차,제조·화학
,고무의류위생용비경화고무제품제조업,석유·화학·에너지,제조·화학
,기초의약물질생물학적제제제조업,석유·화학·에너지,제조·화학
,완제의약품제조업,제약·보건·바이오,의료·제약·복지
,주방용전기기기제조업,생활용품·소비재·사무,제조·화학
,통신판매업,판매,판매∙유통
,지주회사,기타금융,은행·금융업
,산업용기계장비도매업,유통·무역·상사,판매∙유통
,반도체제조용기계제조업,반도체·광학·LCD,제조·화학
,전자감지장치제조업,전기·전자·제어,제조·화학
,금속제품도매업,유통·무역·상사,판매∙유통
,자동차신품타이어튜브판매업,판매,판매∙유통
,전기회로개폐보호장치제조업,전기·전자·제어,제조·화학
,금융투자업,은행·금융·저축,은행·금융업
,화물자동차특수목적용자동차제조업,기계·설비·자동차,제조·화학
,태양력발전업,석유·화학·에너지,제조·화학
,과실채소가공저장처리업,식품가공·개발,제조·화학
,산업용가스제조업,석유·화학·에너지,제조·화학
,합성섬유제조업,섬유·의류·패션,제조·화학
,신발제조업,섬유·의류·패션,제조·화학
,기계장비도매업,유통·무역·상사,판매∙유통
,완제의약품제조업,제약·보건·바이오,의료·제약·복지
,골판지가공제품제조업,가구·목재·제지,제조·화학
,태양력발전업,석유·화학·에너지,제조·화학
,태양력발전업,석유·화학·에너지,제조·화학
,골프장운영업,레저·스포츠·여가,서비스업
,골판지제조업,가구·목재·제지,제조·화학
,담배제품제조업,식품가공·개발,제조·화학
,발전업,석유·화학·에너지,제조·화학
,자동차신품부품제조업,기계·설비·자동차,제조·화학
,보관창고업,운송·운수·물류,판매∙유통
,주거용건물개발공급업,건설·건축·토목·시공,건설업
,의약품의료용품화장품도매업,유통·무역·상사,판매∙유통
,봉제의복제조업,섬유·의류·패션,제조·화학
,밸브유사장치제조업,기타제조업,제조·화학
,전자감지장치제조업,전기·전자·제어,제조·화학
,응용소프트웨어개발공급업,솔루션·SI·ERP·CRM,IT·웹·통신
,커피전문점,외식업·식음료,서비스업
,비주거용부동산관리업,부동산·임대·중개,건설업
,자동차차체용신품부품제조업,기계·설비·자동차,제조·화학
,분류안된금융업,은행·금융·저축,은행·금융업
,승강기제조업,기계·설비·자동차,제조·화학
,강관제조업,금속·재료·철강·요업,제조·화학
,섬유제품제조업의복제외,섬유·의류·패션,제조·화학
,아파트건설업,건설·건축·토목·시공,건설업
,부동산개발공급업,건설·건축·토목·시공,건설업
,금속류해체선별원료재생업,금속·재료·철강·요업,제조·화학
,컴퓨터프로그래밍시스템통합관리업,솔루션·SI·ERP·CRM,IT·웹·통신
,전기용기계장비관련기자재도매업,유통·무역·상사,판매∙유통
,가전제품부품도매업,유통·무역·상사,판매∙유통
,호텔업,호텔·여행·항공,서비스업
,화력발전업,석유·화학·에너지,제조·화학
,디스플레이장치용유리제조업,반도체·광학·LCD,제조·화학
,사무상업용공공기관용건물건설업,건설·건축·토목·시공,건설업
,밸브유사장치제조업,기타제조업,제조·화학
,부동산개발공급업,건설·건축·토목·시공,건설업
,봉제의복제조업,섬유·의류·패션,제조·화학
,외항화물운송업,운송·운수·물류,판매∙유통
,편조의복제조업,섬유·의류·패션,제조·화학
,부동산개발공급업,건설·건축·토목·시공,건설업
,수상운송업,운송·운수·물류,판매∙유통
,자동차엔진용신품부품제조업,기계·설비·자동차,제조·화학
,통관대리관련서비스업,호텔·여행·항공,서비스업
,모피가죽제조업,섬유·의류·패션,제조·화학
,발광다이오드제조업,반도체·광학·LCD,제조·화학
,외항화물운송업,운송·운수·물류,판매∙유통
,시내버스운송업,운송·운수·물류,판매∙유통
,태양력발전업,석유·화학·에너지,제조·화학
,부동산개발공급업,건설·건축·토목·시공,건설업
,전기업,전기·전자·제어,제조·화학
,백화점,판매,판매∙유통
,수상화물취급업,운송·운수·물류,판매∙유통
,디지털적층성형기계제조업,기계·설비·자동차,제조·화학
,자동차신품부품제조업,기계·설비·자동차,제조·화학
,고무패킹류제조업,석유·화학·에너지,제조·화학
,자동차용신품조향장치현가장치제조업,기계·설비·자동차,제조·화학
,자동차차체용신품부품제조업,기계·설비·자동차,제조·화학
,지주회사,기타금융,은행·금융업
,자동차신품판매업,판매,판매∙유통
,철강제조업,금속·재료·철강·요업,제조·화학
,가스제조배관공급업,환경·설비,건설업
,여신금융업,은행·금융·저축,은행·금융업
,원자력발전업,석유·화학·에너지,제조·화학
,해상운송업,운송·운수·물류,판매∙유통
,태양력발전업,석유·화학·에너지,제조·화학
,증기온수공기조절공급업,환경·설비,건설업
,부동산관련서비스업,부동산·임대·중개,건설업
,화력발전업,석유·화학·에너지,제조·화학
,하수폐수분뇨처리업,환경·설비,건설업
,화력발전업,석유·화학·에너지,제조·화학
,지상파방송업,방송사·케이블,미디어·디자인
,부동산개발공급업,건설·건축·토목·시공,건설업
,외항화물운송업,운송·운수·물류,판매∙유통
,외항여객운송업,운송·운수·물류,판매∙유통
,합성수지플라스틱물질제조업,석유·화학·에너지,제조·화학
,아파트건설업,건설·건축·토목·시공,건설업
,종합건설업,건설·건축·토목·시공,건설업
,부동산임대공급업,부동산·임대·중개,건설업
,아파트건설업,건설·건축·토목·시공,건설업
,식료품제조업,식품가공·개발,제조·화학
,주정제조업,석유·화학·에너지,제조·화학
,비철금속압연압출연신제품제조업,기계·설비·자동차,제조·화학
,열간압연압출제품제조업,금속·재료·철강·요업,제조·화학
,섬유직물의복액세서리소매업,판매,판매∙유통
,사무상업용건물건설업,건설·건축·토목·시공,건설업
,보험대리중개업,증권·보험·카드,은행·금융업
,산업용가스제조업,석유·화학·에너지,제조·화학
,금융업,은행·금융·저축,은행·금융업
,자동차용신품조향장치현가장치제조업,기계·설비·자동차,제조·화학
,지주회사,기타금융,은행·금융업
,사업지원서비스업,기타서비스업,서비스업
,소매업자동차제외,판매,판매∙유통
,반도체제조용기계제조업,반도체·광학·LCD,제조·화학
,전기장비제조업,전기·전자·제어,제조·화학
,금속열처리업,금속·재료·철강·요업,제조·화학
,엔지니어링서비스업,연구소·컨설팅·조사,기관∙협회
,보험대리중개업,증권·보험·카드,은행·금융업
,부동산업,부동산·임대·중개,건설업
,전자집적회로제조업,전기·전자·제어,제조·화학
,다이오드트랜지스터유사반도체소자제조업,반도체·광학·LCD,제조·화학
,금융업,은행·금융·저축,은행·금융업
,부동산개발공급업,건설·건축·토목·시공,건설업
,액정표시장치제조업,반도체·광학·LCD,제조·화학
,항공육상화물취급업,운송·운수·물류,판매∙유통
,특수목적용기계제조업,기계·설비·자동차,제조·화학
,공기조화장치제조업,환경,제조·화학
,일반기계장비수리업,AS·카센터·주유,서비스업
,태양력발전업,석유·화학·에너지,제조·화학
,소주제조업,식품가공·개발,제조·화학
,포장용유리용기제조업,금속·재료·철강·요업,제조·화학
,주정제조업,석유·화학·에너지,제조·화학
,생수생산업,식품가공·개발,제조·화학
,태양력발전업,석유·화학·에너지,제조·화학
,알루미늄제련정련합금제조업,금속·재료·철강·요업,제조·화학
,금속제품도매업,유통·무역·상사,판매∙유통
,주거용건물개발공급업,건설·건축·토목·시공,건설업
,육류가공업,식품가공·개발,제조·화학
,부동산관련서비스업,부동산·임대·중개,건설업
,전자축전기제조업,전기·전자·제어,제조·화학
,항공운송지원서비스업,운송·운수·물류,판매∙유통
,문화관광행정,호텔·여행·항공,서비스업
,경비경호서비스업,시설관리·경비·용역,서비스업
,신용조사추심대행업,은행·금융·저축,은행·금융업
,시멘트제조업,금속·재료·철강·요업,제조·화학
,원자력발전업,석유·화학·에너지,제조·화학
,일반건축자재도매업,유통·무역·상사,판매∙유통
,원자력발전업,석유·화학·에너지,제조·화학
,내화요업제품제조업,금속·재료·철강·요업,제조·화학
,완제의약품제조업,제약·보건·바이오,의료·제약·복지
,플라스틱접착처리제품제조업,석유·화학·에너지,제조·화학
,게임소프트웨어개발공급업,게임,IT·웹·통신
,자동차신품판매업,판매,판매∙유통
,석탄화학계화합물기초유기화학물질제조업,석유·화학·에너지,제조·화학
,합성수지플라스틱물질제조업,석유·화학·에너지,제조·화학
,인쇄잉크회화용물감제조업,생활용품·소비재·사무,제조·화학
,목재건축자재중개업,부동산·임대·중개,건설업
,전기공급제어장치제조업,전기·전자·제어,제조·화학
,과실류도매업,유통·무역·상사,판매∙유통
,항공운송지원서비스업,운송·운수·물류,판매∙유통
,원자력발전업,석유·화학·에너지,제조·화학
,산업용기계장비임대업,렌탈·임대,서비스업
,의약품도매업,유통·무역·상사,판매∙유통
,통관대리관련서비스업,호텔·여행·항공,서비스업
,영화관운영업,레저·스포츠·여가,서비스업
,전자부품제조업,전기·전자·제어,제조·화학
,전기용기계장비관련기자재도매업,유통·무역·상사,판매∙유통
,체인화편의점,유통·무역·상사,판매∙유통
,승강기제조업,기계·설비·자동차,제조·화학
,전기용기계장비관련기자재도매업,유통·무역·상사,판매∙유통
,석유화학계기초화학물질제조업,석유·화학·에너지,제조·화학
,완제의약품제조업,제약·보건·바이오,의료·제약·복지
,물류터미널운영업,유통·무역·상사,판매∙유통
,곡물도정업,식품가공·개발,제조·화학
,원자력발전업,석유·화학·에너지,제조·화학
,비금속광물제품제조업,금속·재료·철강·요업,제조·화학
,전자감지장치제조업,전기·전자·제어,제조·화학
,안전유리제조업,금속·재료·철강·요업,제조·화학
,비디오영상기기제조업,기계·설비·자동차,제조·화학
,합성수지플라스틱물질제조업,석유·화학·에너지,제조·화학
,원자력발전업,석유·화학·에너지,제조·화학
,윤활유그리스제조업,석유·화학·에너지,제조·화학
,전자응용절삭기계제조업,전기·전자·제어,제조·화학
,신용조사추심대행업,은행·금융·저축,은행·금융업
,기초무기화학물질제조업,석유·화학·에너지,제조·화학
,동물용의약품제조업,제약·보건·바이오,제조·화학
,문구용품회화용품사무용품도매업,유통·무역·상사,판매∙유통
,의약품도매업,유통·무역·상사,판매∙유통
,의약품도매업,유통·무역·상사,판매∙유통
,컴퓨터주변장치소프트웨어도매업,유통·무역·상사,판매∙유통
,정형내화요업제품제조업,금속·재료·철강·요업,제조·화학
,반도체제조용기계제조업,반도체·광학·LCD,제조·화학
,화학제품제조업,석유·화학·에너지,제조·화학
,전자부품제조업,전기·전자·제어,제조·화학
,생활용품도매업,유통·무역·상사,판매∙유통
,의료기기도매업,유통·무역·상사,판매∙유통
,호환성공구제조업,기타제조업,제조·화학
,전기용기계장비관련기자재도매업,유통·무역·상사,판매∙유통
,기기용자동측정제어장치제조업,기계·설비·자동차,제조·화학
,유압기기제조업,기계·설비·자동차,제조·화학
,기계장비중개업,렌탈·임대,서비스업
,구름베어링제조업,기계·설비·자동차,제조·화학
,기계장비도매업,유통·무역·상사,판매∙유통
,염료조제무기안료유연제착색제제조업,금속·재료·철강·요업,제조·화학
,자동차용신품조향장치현가장치제조업,기계·설비·자동차,제조·화학
,전기용기계장비관련기자재도매업,유통·무역·상사,판매∙유통
,플라스틱접착처리제품제조업,석유·화학·에너지,제조·화학
,자동차용금속압형제품제조업,기계·설비·자동차,제조·화학
,기기용자동측정제어장치제조업,기계·설비·자동차,제조·화학
,완제의약품제조업,제약·보건·바이오,의료·제약·복지
,판유리제조업,식품가공·개발,제조·화학
,전자감지장치제조업,전기·전자·제어,제조·화학
,플라스터혼합제품제조업,금속·재료·철강·요업,제조·화학
,합성수지플라스틱물질제조업,석유·화학·에너지,제조·화학
,컴퓨터시스템통합자문구축서비스업,IT컨설팅,IT·웹·통신
,동물용의약품제조업,제약·보건·바이오,제조·화학
,기술시험검사분석업,연구소·컨설팅·조사,기관∙협회
,도로관련시설운영업,도로·항만,건설업
,유리제품유리섬유광학용유리제조업,반도체·광학·LCD,제조·화학
,엔지니어링서비스업,연구소·컨설팅·조사,기관∙협회
,사업지원서비스업,기타서비스업,서비스업
,금속절삭기계제조업,금속·재료·철강·요업,제조·화학
,전기통신업,네트워크·통신·모바일,IT·웹·통신
,열간압연압출제품제조업,금속·재료·철강·요업,제조·화학
,종이판지제조업,가구·목재·제지,제조·화학
,의약품도매업,유통·무역·상사,판매∙유통
,주철관제조업,금속·재료·철강·요업,제조·화학
,금속절삭기계제조업,금속·재료·철강·요업,제조·화학
,원자력발전업,석유·화학·에너지,제조·화학
,승용차여객용자동차제조업,기계·설비·자동차,제조·화학
,엔지니어링서비스업,연구소·컨설팅·조사,기관∙협회
,제철제강합금철제조업,금속·재료·철강·요업,제조·화학
,국내은행,은행·금융·저축,은행·금융업
,일반목적용기계제조업,기계·설비·자동차,제조·화학
,운송장비임대업,렌탈·임대,서비스업
,컴퓨터제조업,전기·전자·제어,제조·화학
,화장품제조업,화장품·뷰티,제조·화학
,지주회사,기타금융,은행·금융업
,물품취급장비제조업,기계·설비·자동차,제조·화학
,타이어튜브제조업,석유·화학·에너지,제조·화학
,지주회사,기타금융,은행·금융업
,자동차용신품조향장치현가장치제조업,기계·설비·자동차,제조·화학
,자동차신품판매업,판매,판매∙유통
,일반화물자동차운송업,운송·운수·물류,판매∙유통
,지주회사,기타금융,은행·금융업
,신탁업집합투자업,은행·금융·저축,은행·금융업
,신탁업집합투자업,은행·금융·저축,은행·금융업
,증권중개업,증권·보험·카드,은행·금융업
,여신금융업,은행·금융·저축,은행·금융업
,금융투자업,은행·금융·저축,은행·금융업
,상품종합도매업,유통·무역·상사,판매∙유통
,열간압연압출제품제조업,금속·재료·철강·요업,제조·화학
,산업용기계장비임대업,렌탈·임대,서비스업
,자동차신품부품제조업,기계·설비·자동차,제조·화학
,담배도매업,유통·무역·상사,판매∙유통
,안전유리제조업,금속·재료·철강·요업,제조·화학
,유인항공기항공우주선보조장치제조업,조선·항공·우주,제조·화학
,배전반전기자동제어반제조업,전기·전자·제어,제조·화학
,전기전자정밀기기수리업,AS·카센터·주유,서비스업
,완제의약품제조업,제약·보건·바이오,의료·제약·복지
,화장품화장용품도매업,유통·무역·상사,판매∙유통
,사무용기계장비제조업,기계·설비·자동차,제조·화학
,감광재료관련화학제품제조업,석유·화학·에너지,제조·화학
,광업,농업·어업·광업·임업,제조·화학
,감광재료관련화학제품제조업,석유·화학·에너지,제조·화학
,비주거용부동산관리업,부동산·임대·중개,건설업
,시멘트제조업,금속·재료·철강·요업,제조·화학
,금융지원서비스업,은행·금융·저축,은행·금융업
,레미콘제조업,기계·설비·자동차,제조·화학
,사업시설유지관리서비스업,시설관리·경비·용역,서비스업
,완제의약품제조업,제약·보건·바이오,의료·제약·복지
,구조용금속제품제조업,금속·재료·철강·요업,제조·화학
,백화점,판매,판매∙유통
,완제의약품제조업,제약·보건·바이오,의료·제약·복지
,발전업,석유·화학·에너지,제조·화학
,방적업,섬유·의류·패션,제조·화학
,골프장운영업,레저·스포츠·여가,서비스업
,수산동물훈제조리유사조제식품제조업,식품가공·개발,제조·화학
,자동차신품판매업,판매,판매∙유통
,시내버스운송업,운송·운수·물류,판매∙유통
,자동차신품판매업,판매,판매∙유통
,콘크리트구조용제품제조업,금속·재료·철강·요업,제조·화학
,봉제의복제조업,섬유·의류·패션,제조·화학
,의복소매업,판매,판매∙유통
,휴양콘도운영업,호텔·여행·항공,서비스업
,휴양콘도운영업,호텔·여행·항공,서비스업
,운송관련서비스업,운송·운수·물류,판매∙유통
,방적업,섬유·의류·패션,제조·화학
,응용소프트웨어개발공급업,솔루션·SI·ERP·CRM,IT·웹·통신
,문구용종이제품제조업,생활용품·소비재·사무,제조·화학
,산업생산시설종합건설업,건설·건축·토목·시공,건설업
,컴퓨터프로그래밍서비스업,솔루션·SI·ERP·CRM,IT·웹·통신
,종이판지제조업,가구·목재·제지,제조·화학
,전자부품제조업,전기·전자·제어,제조·화학
,크라프트지상자용판지제조업,가구·목재·제지,제조·화학
,전문도매업,유통·무역·상사,판매∙유통
,지주회사,기타금융,은행·금융업
,주거용건물임대업,부동산·임대·중개,건설업
,아파트건설업,건설·건축·토목·시공,건설업
,건물건설업,건설·건축·토목·시공,건설업
,사무상업용공공기관용건물건설업,건설·건축·토목·시공,건설업
,반도체제조용기계제조업,반도체·광학·LCD,제조·화학
,공기조화장치제조업,환경,제조·화학
,디스플레이장치용유리제조업,반도체·광학·LCD,제조·화학
,사무상업용공공기관용건물건설업,건설·건축·토목·시공,건설업
,단독주택건설업,건설·건축·토목·시공,건설업
,시멘트제조업,금속·재료·철강·요업,제조·화학
,금속포장용기제조업,금속·재료·철강·요업,제조·화학
,금속포장용기제조업,금속·재료·철강·요업,제조·화학
,철강제조업,금속·재료·철강·요업,제조·화학
,자동차용신품조향장치현가장치제조업,기계·설비·자동차,제조·화학
,시멘트제조업,금속·재료·철강·요업,제조·화학
,지주회사,기타금융,은행·금융업
,전기통신공사업,환경·설비,건설업
,엔지니어링서비스업,연구소·컨설팅·조사,기관∙협회
,기초무기화학물질제조업,석유·화학·에너지,제조·화학
,내부통신배선공사업,환경·설비,건설업
,항구해상터미널운영업,호텔·여행·항공,서비스업
,일반창고업,운송·운수·물류,판매∙유통
,사업지원서비스업,기타서비스업,서비스업
,응용소프트웨어개발공급업,솔루션·SI·ERP·CRM,IT·웹·통신
,무기총포탄제조업,기계·설비·자동차,제조·화학
,무기총포탄제조업,기계·설비·자동차,제조·화학
,보험대리중개업,증권·보험·카드,은행·금융업
,생명보험업,증권·보험·카드,은행·금융업
,손해보험업,증권·보험·카드,은행·금융업
,손해사정업,은행·금융·저축,은행·금융업
,전기업,전기·전자·제어,제조·화학
,전자부품제조업,전기·전자·제어,제조·화학
,발전업,석유·화학·에너지,제조·화학
,항공기용엔진제조업,조선·항공·우주,제조·화학
,백화점,판매,판매∙유통
,금융투자업,은행·금융·저축,은행·금융업
,신탁업집합투자업,은행·금융·저축,은행·금융업
,전자부품컴퓨터영상음향통신장비제조업,전기·전자·제어,제조·화학
,지주회사,기타금융,은행·금융업
,합성수지플라스틱물질제조업,석유·화학·에너지,제조·화학
,석유화학계기초화학물질제조업,석유·화학·에너지,제조·화학
,회사본부경영컨설팅서비스업,연구소·컨설팅·조사,기관∙협회
,전기장비제조업,전기·전자·제어,제조·화학
,기계장비조립용플라스틱제품제조업,기계·설비·자동차,제조·화학
,산업용오븐노용버너제조업,기계·설비·자동차,제조·화학
,석유화학계기초화학물질제조업,석유·화학·에너지,제조·화학
,증권중개업,증권·보험·카드,은행·금융업
,유압기기제조업,기계·설비·자동차,제조·화학
,휴양콘도운영업,호텔·여행·항공,서비스업
,기초유기화학물질제조업,석유·화학·에너지,제조·화학
,재생용재료수집판매업,판매,판매∙유통
,부동산개발공급업,건설·건축·토목·시공,건설업
,식료품담배도매업,유통·무역·상사,판매∙유통
,화장품제조업,화장품·뷰티,제조·화학
,골프장운영업,레저·스포츠·여가,서비스업
,골프장운영업,레저·스포츠·여가,서비스업
,태양력발전업,석유·화학·에너지,제조·화학
,전자부품제조업,전기·전자·제어,제조·화학
,사진장비광학기기제조업,기계·설비·자동차,제조·화학
,부동산임대공급업,부동산·임대·중개,건설업
,부동산관리업,부동산·임대·중개,건설업
,열간압연압출제품제조업,금속·재료·철강·요업,제조·화학
,식료품제조업,식품가공·개발,제조·화학
,비알코올음료제조업,식품가공·개발,제조·화학
,식품제조업,식품가공·개발,제조·화학
,자동차신품부품제조업,기계·설비·자동차,제조·화학
,전자상거래소매중개업,유통·무역·상사,판매∙유통
,봉제의복제조업,섬유·의류·패션,제조·화학
,주거용건물개발공급업,건설·건축·토목·시공,건설업
,자동차엔진용신품부품제조업,기계·설비·자동차,제조·화학
,레미콘제조업,기계·설비·자동차,제조·화학
,도로건설업,건설·건축·토목·시공,건설업
,일반목적용기계제조업,기계·설비·자동차,제조·화학
,화력발전업,석유·화학·에너지,제조·화학
,엔지니어링서비스업,연구소·컨설팅·조사,기관∙협회
,운송관련서비스업,운송·운수·물류,판매∙유통
,부동산개발공급업,건설·건축·토목·시공,건설업
,기관차철도차량제조업,기계·설비·자동차,제조·화학
,금속제품도매업,유통·무역·상사,판매∙유통
,자동차신품부품제조업,기계·설비·자동차,제조·화학
,냉간압연압출제품제조업,석유·화학·에너지,제조·화학
,시스템소프트웨어개발공급업,솔루션·SI·ERP·CRM,IT·웹·통신
,강선건조업,조선·항공·우주,제조·화학
,외항화물운송업,운송·운수·물류,판매∙유통
,자동차용신품조향장치현가장치제조업,기계·설비·자동차,제조·화학
,자동차용신품조향장치현가장치제조업,기계·설비·자동차,제조·화학
,자동차용신품조향장치현가장치제조업,기계·설비·자동차,제조·화학
,윤활유그리스제조업,석유·화학·에너지,제조·화학
,철골관련구조물공사업,건설·건축·토목·시공,건설업
,사업시설유지관리서비스업,시설관리·경비·용역,서비스업
,여행사업,호텔·여행·항공,서비스업
,자동차용신품전기장치제조업,기계·설비·자동차,제조·화학
,유리창호공사업,실내·인테리어·조경,건설업
,증기온수공기조절공급업,환경·설비,건설업
,건물토목엔지니어링서비스업,건설·건축·토목·시공,건설업
,엔지니어링서비스업,연구소·컨설팅·조사,기관∙협회
,승강기제조업,기계·설비·자동차,제조·화학
,플라스틱창호제조업,석유·화학·에너지,제조·화학
,외항화물운송업,운송·운수·물류,판매∙유통
,자동차용신품의자제조업,기계·설비·자동차,제조·화학
,시스템소프트웨어개발공급업,솔루션·SI·ERP·CRM,IT·웹·통신
,기초무기화학물질제조업,석유·화학·에너지,제조·화학
,원유정제처리업,석유·화학·에너지,제조·화학
,위험물품보관업,운송·운수·물류,판매∙유통
,소프트웨어개발공급업,솔루션·SI·ERP·CRM,IT·웹·통신
,전기전자공학연구개발업,연구소·컨설팅·조사,기관∙협회
,자동차신품부품제조업,기계·설비·자동차,제조·화학
,자동차엔진용신품부품제조업,기계·설비·자동차,제조·화학
,엔지니어링서비스업,연구소·컨설팅·조사,기관∙협회
,전동기발전기전기변환공급제어장치제조업,석유·화학·에너지,제조·화학
,승용차여객용자동차제조업,기계·설비·자동차,제조·화학
,원유천연가스채굴관련서비스업,석유·화학·에너지,제조·화학
,컴퓨터시스템통합자문구축서비스업,IT컨설팅,IT·웹·통신
,제철제강합금철제조업,금속·재료·철강·요업,제조·화학
,피복충전용접봉제조업,금속·재료·철강·요업,제조·화학
,상품종합도매업,유통·무역·상사,판매∙유통
,철강선제조업,금속·재료·철강·요업,제조·화학
,선박건조업,조선·항공·우주,제조·화학
,발광다이오드제조업,반도체·광학·LCD,제조·화학
,사업시설유지관리서비스업,시설관리·경비·용역,서비스업
,지주회사,기타금융,은행·금융업
,액체펌프제조업,기계·설비·자동차,제조·화학
,증권중개업,증권·보험·카드,은행·금융업
,합성수지플라스틱물질제조업,석유·화학·에너지,제조·화학
,신용카드할부금융업,은행·금융·저축,은행·금융업
,신용카드할부금융업,은행·금융·저축,은행·금융업
,신용카드할부금융업,은행·금융·저축,은행·금융업
,원유정제처리업,석유·화학·에너지,제조·화학
,석유화학계기초화학물질제조업,석유·화학·에너지,제조·화학
,자동차트레일러제조업,기계·설비·자동차,제조·화학
,자동차차체용신품부품제조업,기계·설비·자동차,제조·화학
,손해사정업,은행·금융·저축,은행·금융업
,선박구성부분품제조업,조선·항공·우주,제조·화학
,아파트건설업,건설·건축·토목·시공,건설업
,비주거용건물임대업,부동산·임대·중개,건설업
,봉제의복제조업,섬유·의류·패션,제조·화학
,여행사업,호텔·여행·항공,서비스업
,호텔업,호텔·여행·항공,서비스업
,자동차신품판매업,판매,판매∙유통
,내부통신배선공사업,환경·설비,건설업
,대형마트,판매,판매∙유통
,대형마트,판매,판매∙유통
,열간압연압출제품제조업,금속·재료·철강·요업,제조·화학
,토목시설물건설업,건설·건축·토목·시공,건설업
,부동산관리업,부동산·임대·중개,건설업
,사업시설유지관리서비스업,시설관리·경비·용역,서비스업
,부동산업,부동산·임대·중개,건설업
,부동산개발공급업,건설·건축·토목·시공,건설업
,아파트건설업,건설·건축·토목·시공,건설업
,주거용건물개발공급업,건설·건축·토목·시공,건설업
,주거용건물개발공급업,건설·건축·토목·시공,건설업
,비주거용건물임대업,부동산·임대·중개,건설업
,열간압연압출제품제조업,금속·재료·철강·요업,제조·화학
,지반조성건설업,건설·건축·토목·시공,건설업
,사업지원서비스업,기타서비스업,서비스업
,액체펌프제조업,기계·설비·자동차,제조·화학
,응용소프트웨어개발공급업,솔루션·SI·ERP·CRM,IT·웹·통신
,컴퓨터주변장치소프트웨어도매업,유통·무역·상사,판매∙유통
,전동기발전기전기변환공급제어장치제조업,석유·화학·에너지,제조·화학
,화학섬유제조업,섬유·의류·패션,제조·화학
,여신금융업,은행·금융·저축,은행·금융업
,자동차신품판매업,판매,판매∙유통
,부동산임대업,부동산·임대·중개,건설업
,통관대리관련서비스업,호텔·여행·항공,서비스업
,화학섬유제조업,섬유·의류·패션,제조·화학
,컴퓨터시스템통합자문구축서비스업,IT컨설팅,IT·웹·통신
,자동차부품판매업,판매,판매∙유통
,기계장비조립용플라스틱제품제조업,기계·설비·자동차,제조·화학
,경영컨설팅업,연구소·컨설팅·조사,기관∙협회
,전기용기계장비관련기자재도매업,유통·무역·상사,판매∙유통
,생활용품도매업,유통·무역·상사,판매∙유통
,산업용로봇제조업,기계·설비·자동차,제조·화학
,화학제품제조업,석유·화학·에너지,제조·화학
,외항화물운송업,운송·운수·물류,판매∙유통
,시내버스운송업,운송·운수·물류,판매∙유통
,토목시설물건설업,건설·건축·토목·시공,건설업
,사무상업용공공기관용건물건설업,건설·건축·토목·시공,건설업
,전자감지장치제조업,전기·전자·제어,제조·화학
,절연코드세트도체제조업,전기·전자·제어,제조·화학
,자동차용신품조향장치현가장치제조업,기계·설비·자동차,제조·화학
,비철금속제련정련합금제조업,기계·설비·자동차,제조·화학
,바이오연료혼합물제조업,석유·화학·에너지,제조·화학